/*
 Navicat Premium Dump SQL

 Source Server         : kkk
 Source Server Type    : MySQL
 Source Server Version : 80040 (8.0.40)
 Source Host           : localhost:3306
 Source Schema         : community_activity_platform

 Target Server Type    : MySQL
 Target Server Version : 80040 (8.0.40)
 File Encoding         : 65001

 Date: 04/08/2025 14:40:44
*/

SET NAMES utf8mb4;
SET FOREIGN_KEY_CHECKS = 0;

-- ----------------------------
-- Table structure for activities
-- ----------------------------
DROP TABLE IF EXISTS `activities`;
CREATE TABLE `activities`  (
  `id` bigint NOT NULL AUTO_INCREMENT COMMENT '活动ID',
  `title` varchar(200) CHARACTER SET utf8mb4 COLLATE utf8mb4_unicode_ci NOT NULL COMMENT '活动标题',
  `description` text CHARACTER SET utf8mb4 COLLATE utf8mb4_unicode_ci NULL COMMENT '活动详细描述',
  `category_id` int NULL DEFAULT NULL COMMENT '活动分类ID',
  `location` varchar(200) CHARACTER SET utf8mb4 COLLATE utf8mb4_unicode_ci NULL DEFAULT NULL COMMENT '活动地点',
  `latitude` decimal(10, 7) NULL DEFAULT NULL COMMENT '纬度',
  `longitude` decimal(10, 7) NULL DEFAULT NULL COMMENT '经度',
  `start_time` datetime NOT NULL COMMENT '活动开始时间',
  `end_time` datetime NOT NULL COMMENT '活动结束时间',
  `registration_start_time` datetime NULL DEFAULT NULL COMMENT '报名开始时间',
  `registration_end_time` datetime NULL DEFAULT NULL COMMENT '报名截止时间',
  `max_participants` int NULL DEFAULT 0 COMMENT '最大参与人数，0表示不限制',
  `current_participants` int NULL DEFAULT 0 COMMENT '当前已报名人数',
  `fee` decimal(10, 2) NULL DEFAULT 0.00 COMMENT '费用，单位：元',
  `images` json NULL COMMENT '活动图片URLs（JSON数组）',
  `cover_image` varchar(500) CHARACTER SET utf8mb4 COLLATE utf8mb4_unicode_ci NULL DEFAULT NULL COMMENT '活动封面图片URL',
  `tags` varchar(500) CHARACTER SET utf8mb4 COLLATE utf8mb4_unicode_ci NULL DEFAULT NULL COMMENT '活动标签，逗号分隔',
  `contact_info` varchar(200) CHARACTER SET utf8mb4 COLLATE utf8mb4_unicode_ci NULL DEFAULT NULL COMMENT '联系方式',
  `status` enum('draft','pending','published','cancelled','completed') CHARACTER SET utf8mb4 COLLATE utf8mb4_unicode_ci NULL DEFAULT 'pending' COMMENT '活动状态：draft-草稿，pending-待审核，published-已发布，cancelled-已取消，completed-已结束',
  `creator_id` bigint NOT NULL COMMENT '创建者ID（管理员）',
  `created_at` datetime NULL DEFAULT CURRENT_TIMESTAMP COMMENT '创建时间',
  `updated_at` datetime NULL DEFAULT CURRENT_TIMESTAMP ON UPDATE CURRENT_TIMESTAMP COMMENT '更新时间',
  PRIMARY KEY (`id`) USING BTREE,
  INDEX `idx_category_id`(`category_id` ASC) USING BTREE,
  INDEX `idx_start_time`(`start_time` ASC) USING BTREE,
  INDEX `idx_status`(`status` ASC) USING BTREE,
  INDEX `idx_creator_id`(`creator_id` ASC) USING BTREE,
  INDEX `idx_location`(`location` ASC) USING BTREE,
  INDEX `idx_created_at`(`created_at` ASC) USING BTREE,
  CONSTRAINT `activities_ibfk_1` FOREIGN KEY (`category_id`) REFERENCES `activity_categories` (`id`) ON DELETE SET NULL ON UPDATE RESTRICT,
  CONSTRAINT `activities_ibfk_2` FOREIGN KEY (`creator_id`) REFERENCES `users` (`id`) ON DELETE RESTRICT ON UPDATE RESTRICT
) ENGINE = InnoDB AUTO_INCREMENT = 14 CHARACTER SET = utf8mb4 COLLATE = utf8mb4_unicode_ci COMMENT = '活动表' ROW_FORMAT = Dynamic;

-- ----------------------------
-- Records of activities
-- ----------------------------
INSERT INTO `activities` VALUES (1, 'Miss.', 'The Navigation pane employs tree structure which allows you to take action upon the database and their objects through their pop-up menus quickly and easily. Navicat allows you to transfer data from one database and/or schema to another with detailed analytical process. Difficult circumstances serve as a textbook of life for people. The first step is as good as half over. I destroy my enemies when I make them my friends. HTTP Tunneling is a method for connecting to a server that uses the same protocol (http://) and the same port (port 80) as a web server does. Secure Sockets Layer(SSL) is a protocol for transmitting private documents via the Internet. The past has no power over the present moment. It is used while your ISPs do not allow direct connections, but allows establishing HTTP connections. To successfully establish a new connection to local/remote server - no matter via SSL or SSH, set the database login information in the General tab. To open a query using an external editor, control-click it and select Open with External Editor. You can set the file path of an external editor in Preferences. Difficult circumstances serve as a textbook of life for people. Navicat is a multi-connections Database Administration tool allowing you to connect to MySQL, Oracle, PostgreSQL, SQLite, SQL Server, MariaDB and/or MongoDB databases, making database administration to multiple kinds of database so easy. The Main Window consists of several toolbars and panes for you to work on connections, database objects and advanced tools. Flexible settings enable you to set up a custom key for comparison and synchronization. A man is not old until regrets take the place of dreams. Champions keep playing until they get it right. Navicat provides powerful tools for working with queries: Query Editor for editing the query text directly, and Query Builder, Find Builder or Aggregate Builder for building queries visually. A query is used to extract data from the database in a readable format according to the user\'s request. Navicat allows you to transfer data from one database and/or schema to another with detailed analytical process. Monitored servers include MySQL, MariaDB and SQL Server, and compatible with cloud databases like Amazon RDS, Amazon Aurora, Oracle Cloud, Google Cloud and Microsoft Azure. I may not have gone where I intended to go, but I think I have ended up where I needed to be. Secure Sockets Layer(SSL) is a protocol for transmitting private documents via the Internet. To get a secure connection, the first thing you need to do is to install OpenSSL Library and download Database Source. HTTP Tunneling is a method for connecting to a server that uses the same protocol (http://) and the same port (port 80) as a web server does. If the Show objects under schema in navigation pane option is checked at the Preferences window, all database objects are also displayed in the pane. In other words, Navicat provides the ability for data in different databases and/or schemas to be kept up-to-date so that each repository contains the same information. If your Internet Service Provider (ISP) does not provide direct access to its server, Secure Tunneling Protocol (SSH) / HTTP is another solution. There is no way to happiness. Happiness is the way. You can select any connections, objects or projects, and then select the corresponding buttons on the Information Pane. It is used while your ISPs do not allow direct connections, but allows establishing HTTP connections. SSH serves to prevent such vulnerabilities and allows you to access a remote server\'s shell without compromising security. You cannot save people, you can just love them. Navicat provides powerful tools for working with queries: Query Editor for editing the query text directly, and Query Builder, Find Builder or Aggregate Builder for building queries visually. Creativity is intelligence having fun. If you wait, all that happens is you get older. Difficult circumstances serve as a textbook of life for people. Secure SHell (SSH) is a program to log in into another computer over a network, execute commands on a remote server, and move files from one machine to another. It wasn’t raining when Noah built the ark. It can also manage cloud databases such as Amazon Redshift, Amazon RDS, Alibaba Cloud. Features in Navicat are sophisticated enough to provide professional developers for all their specific needs, yet easy to learn for users who are new to database server. After comparing data, the window shows the number of records that will be inserted, updated or deleted in the target. Navicat Data Modeler enables you to build high-quality conceptual, logical and physical data models for a wide variety of audiences. Actually it is just in an idea when feel oneself can achieve and cannot achieve. The repository database can be an existing MySQL, MariaDB, PostgreSQL, SQL Server, or Amazon RDS instance. Instead of wondering when your next vacation is, maybe you should set up a life you don’t need to escape from. A comfort zone is a beautiful place, but nothing ever grows there. Navicat Cloud provides a cloud service for synchronizing connections, queries, model files and virtual group information from Navicat, other Navicat family members, different machines and different platforms. Instead of wondering when your next vacation is, maybe you should set up a life you don’t need to escape from. A comfort zone is a beautiful place, but nothing ever grows there. Optimism is the one quality more associated with success and happiness than any other. Import Wizard allows you to import data to tables/collections from CSV, TXT, XML, DBF and more. The first step is as good as half over. Navicat authorizes you to make connection to remote servers running on different platforms (i.e. Windows, macOS, Linux and UNIX), and supports PAM and GSSAPI authentication. Always keep your eyes open. Keep watching. Because whatever you see can inspire you. Navicat provides a wide range advanced features, such as compelling code editing capabilities, smart code-completion, SQL formatting, and more. Secure SHell (SSH) is a program to log in into another computer over a network, execute commands on a remote server, and move files from one machine to another. Flexible settings enable you to set up a custom key for comparison and synchronization. The Main Window consists of several toolbars and panes for you to work on connections, database objects and advanced tools. SQL Editor allows you to create and edit SQL text, prepare and execute selected queries. Navicat Cloud could not connect and access your databases. By which it means, it could only store your connection settings, queries, model files, and virtual group; your database passwords and data (e.g. tables, views, etc) will not be stored to Navicat Cloud. Navicat provides a wide range advanced features, such as compelling code editing capabilities, smart code-completion, SQL formatting, and more. In the Objects tab, you can use the List List, Detail Detail and ER Diagram ER Diagram buttons to change the object view. Navicat allows you to transfer data from one database and/or schema to another with detailed analytical process. To get a secure connection, the first thing you need to do is to install OpenSSL Library and download Database Source. There is no way to happiness. Happiness is the way. Actually it is just in an idea when feel oneself can achieve and cannot achieve. Monitored servers include MySQL, MariaDB and SQL Server, and compatible with cloud databases like Amazon RDS, Amazon Aurora, Oracle Cloud, Google Cloud and Microsoft Azure. Navicat Data Modeler enables you to build high-quality conceptual, logical and physical data models for a wide variety of audiences. The Synchronize to Database function will give you a full picture of all database differences. A man is not old until regrets take the place of dreams. All journeys have secret destinations of which the traveler is unaware. Secure SHell (SSH) is a program to log in into another computer over a network, execute commands on a remote server, and move files from one machine to another. Always keep your eyes open. Keep watching. Because whatever you see can inspire you. A man’s best friends are his ten fingers. To successfully establish a new connection to local/remote server - no matter via SSL, SSH or HTTP, set the database login information in the General tab. Navicat 15 has added support for the system-wide dark mode. To get a secure connection, the first thing you need to do is to install OpenSSL Library and download Database Source.', 1, 'EoTwh6LxAp', 447.6198142, 209.1629602, '2003-01-05 23:24:53', '2015-04-29 06:13:57', '2006-10-05 01:32:39', '2009-05-19 20:38:36', 990, 42, 123.17, '{\"key397\": 833}', NULL, 'zdCDtyOrVm', '8nnRx7GWgx', 'completed', 1, '2000-08-09 07:38:19', '2008-12-20 09:45:17');
INSERT INTO `activities` VALUES (2, 'Prof.', 'SSH serves to prevent such vulnerabilities and allows you to access a remote server\'s shell without compromising security. Navicat allows you to transfer data from one database and/or schema to another with detailed analytical process. Navicat Monitor is a safe, simple and agentless remote server monitoring tool that is packed with powerful features to make your monitoring effective as possible. To clear or reload various internal caches, flush tables, or acquire locks, control-click your connection in the Navigation pane and select Flush and choose the flush option. You must have the reload privilege to use this feature. Import Wizard allows you to import data to tables/collections from CSV, TXT, XML, DBF and more. The Main Window consists of several toolbars and panes for you to work on connections, database objects and advanced tools. Difficult circumstances serve as a textbook of life for people. To get a secure connection, the first thing you need to do is to install OpenSSL Library and download Database Source. You cannot save people, you can just love them. If the plan doesn’t work, change the plan, but never the goal. To get a secure connection, the first thing you need to do is to install OpenSSL Library and download Database Source. Navicat allows you to transfer data from one database and/or schema to another with detailed analytical process. Navicat provides powerful tools for working with queries: Query Editor for editing the query text directly, and Query Builder, Find Builder or Aggregate Builder for building queries visually. To open a query using an external editor, control-click it and select Open with External Editor. You can set the file path of an external editor in Preferences. It collects process metrics such as CPU load, RAM usage, and a variety of other resources over SSH/SNMP. To successfully establish a new connection to local/remote server - no matter via SSL or SSH, set the database login information in the General tab. In a Telnet session, all communications, including username and password, are transmitted in plain-text, allowing anyone to listen-in on your session and steal passwords and other information. The On Startup feature allows you to control what tabs appear when you launch Navicat. If opportunity doesn’t knock, build a door. How we spend our days is, of course, how we spend our lives. Navicat provides powerful tools for working with queries: Query Editor for editing the query text directly, and Query Builder, Find Builder or Aggregate Builder for building queries visually. If it scares you, it might be a good thing to try. SSH serves to prevent such vulnerabilities and allows you to access a remote server\'s shell without compromising security. To connect to a database or schema, simply double-click it in the pane. A man’s best friends are his ten fingers. HTTP Tunneling is a method for connecting to a server that uses the same protocol (http://) and the same port (port 80) as a web server does. The reason why a great man is great is that he resolves to be a great man. A query is used to extract data from the database in a readable format according to the user\'s request. Navicat Cloud could not connect and access your databases. By which it means, it could only store your connection settings, queries, model files, and virtual group; your database passwords and data (e.g. tables, views, etc) will not be stored to Navicat Cloud. Secure SHell (SSH) is a program to log in into another computer over a network, execute commands on a remote server, and move files from one machine to another. A comfort zone is a beautiful place, but nothing ever grows there. You can select any connections, objects or projects, and then select the corresponding buttons on the Information Pane. All the Navicat Cloud objects are located under different projects. You can share the project to other Navicat Cloud accounts for collaboration. The Information Pane shows the detailed object information, project activities, the DDL of database objects, object dependencies, membership of users/roles and preview. Typically, it is employed as an encrypted version of Telnet. All the Navicat Cloud objects are located under different projects. You can share the project to other Navicat Cloud accounts for collaboration. Anyone who has ever made anything of importance was disciplined. Instead of wondering when your next vacation is, maybe you should set up a life you don’t need to escape from. Navicat provides a wide range advanced features, such as compelling code editing capabilities, smart code-completion, SQL formatting, and more. To successfully establish a new connection to local/remote server - no matter via SSL or SSH, set the database login information in the General tab. To start working with your server in Navicat, you should first establish a connection or several connections using the Connection window. It can also manage cloud databases such as Amazon Redshift, Amazon RDS, Alibaba Cloud. Features in Navicat are sophisticated enough to provide professional developers for all their specific needs, yet easy to learn for users who are new to database server. Sometimes you win, sometimes you learn. Secure SHell (SSH) is a program to log in into another computer over a network, execute commands on a remote server, and move files from one machine to another. The repository database can be an existing MySQL, MariaDB, PostgreSQL, SQL Server, or Amazon RDS instance. The Navigation pane employs tree structure which allows you to take action upon the database and their objects through their pop-up menus quickly and easily. It collects process metrics such as CPU load, RAM usage, and a variety of other resources over SSH/SNMP. After comparing data, the window shows the number of records that will be inserted, updated or deleted in the target. Secure Sockets Layer(SSL) is a protocol for transmitting private documents via the Internet. Instead of wondering when your next vacation is, maybe you should set up a life you don’t need to escape from. I may not have gone where I intended to go, but I think I have ended up where I needed to be. To successfully establish a new connection to local/remote server - no matter via SSL or SSH, set the database login information in the General tab. I destroy my enemies when I make them my friends. With its well-designed Graphical User Interface(GUI), Navicat lets you quickly and easily create, organize, access and share information in a secure and easy way. To get a secure connection, the first thing you need to do is to install OpenSSL Library and download Database Source.', 8, '4Xjl3rUf1u', 517.9344622, 217.8100815, '2023-09-07 14:17:14', '2008-04-18 22:51:50', '2010-08-10 08:53:27', '2003-12-16 21:30:38', 681, 17, 357.86, '{\"key809\": 49}', NULL, 'nKYCwS5ZP4', 'r0WREpoDaL', 'completed', 2, '2015-08-26 16:02:12', '2003-12-05 20:06:27');
INSERT INTO `activities` VALUES (3, 'Miss.', 'If your Internet Service Provider (ISP) does not provide direct access to its server, Secure Tunneling Protocol (SSH) / HTTP is another solution. Navicat provides powerful tools for working with queries: Query Editor for editing the query text directly, and Query Builder, Find Builder or Aggregate Builder for building queries visually. I will greet this day with love in my heart. Navicat is a multi-connections Database Administration tool allowing you to connect to MySQL, Oracle, PostgreSQL, SQLite, SQL Server, MariaDB and/or MongoDB databases, making database administration to multiple kinds of database so easy. Navicat provides a wide range advanced features, such as compelling code editing capabilities, smart code-completion, SQL formatting, and more. If you wait, all that happens is you get older. In the Objects tab, you can use the List List, Detail Detail and ER Diagram ER Diagram buttons to change the object view. Anyone who has ever made anything of importance was disciplined. The Navigation pane employs tree structure which allows you to take action upon the database and their objects through their pop-up menus quickly and easily. You will succeed because most people are lazy. The On Startup feature allows you to control what tabs appear when you launch Navicat. A man’s best friends are his ten fingers. Export Wizard allows you to export data from tables, collections, views, or query results to any available formats. Actually it is just in an idea when feel oneself can achieve and cannot achieve. Always keep your eyes open. Keep watching. Because whatever you see can inspire you. A man’s best friends are his ten fingers. It provides strong authentication and secure encrypted communications between two hosts, known as SSH Port Forwarding (Tunneling), over an insecure network. With its well-designed Graphical User Interface(GUI), Navicat lets you quickly and easily create, organize, access and share information in a secure and easy way. Secure SHell (SSH) is a program to log in into another computer over a network, execute commands on a remote server, and move files from one machine to another. I may not have gone where I intended to go, but I think I have ended up where I needed to be. Actually it is just in an idea when feel oneself can achieve and cannot achieve. Difficult circumstances serve as a textbook of life for people. The Navigation pane employs tree structure which allows you to take action upon the database and their objects through their pop-up menus quickly and easily. Navicat provides a wide range advanced features, such as compelling code editing capabilities, smart code-completion, SQL formatting, and more. In the middle of winter I at last discovered that there was in me an invincible summer. Navicat Data Modeler is a powerful and cost-effective database design tool which helps you build high-quality conceptual, logical and physical data models. Sometimes you win, sometimes you learn. A man is not old until regrets take the place of dreams. Such sessions are also susceptible to session hijacking, where a malicious user takes over your session once you have authenticated. I will greet this day with love in my heart. The past has no power over the present moment. Monitored servers include MySQL, MariaDB and SQL Server, and compatible with cloud databases like Amazon RDS, Amazon Aurora, Oracle Cloud, Google Cloud and Microsoft Azure. Remember that failure is an event, not a person. Success consists of going from failure to failure without loss of enthusiasm. The reason why a great man is great is that he resolves to be a great man. If you wait, all that happens is you get older. After logged in the Navicat Cloud feature, the Navigation pane will be divided into Navicat Cloud and My Connections sections. You can select any connections, objects or projects, and then select the corresponding buttons on the Information Pane. Typically, it is employed as an encrypted version of Telnet. The Information Pane shows the detailed object information, project activities, the DDL of database objects, object dependencies, membership of users/roles and preview. Import Wizard allows you to import data to tables/collections from CSV, TXT, XML, DBF and more. After comparing data, the window shows the number of records that will be inserted, updated or deleted in the target. A man is not old until regrets take the place of dreams. It is used while your ISPs do not allow direct connections, but allows establishing HTTP connections. The repository database can be an existing MySQL, MariaDB, PostgreSQL, SQL Server, or Amazon RDS instance. Navicat Cloud could not connect and access your databases. By which it means, it could only store your connection settings, queries, model files, and virtual group; your database passwords and data (e.g. tables, views, etc) will not be stored to Navicat Cloud. It provides strong authentication and secure encrypted communications between two hosts, known as SSH Port Forwarding (Tunneling), over an insecure network. What you get by achieving your goals is not as important as what you become by achieving your goals. How we spend our days is, of course, how we spend our lives. Navicat Monitor requires a repository to store alerts and metrics for historical analysis. Navicat provides a wide range advanced features, such as compelling code editing capabilities, smart code-completion, SQL formatting, and more. HTTP Tunneling is a method for connecting to a server that uses the same protocol (http://) and the same port (port 80) as a web server does. With its well-designed Graphical User Interface(GUI), Navicat lets you quickly and easily create, organize, access and share information in a secure and easy way. SSH serves to prevent such vulnerabilities and allows you to access a remote server\'s shell without compromising security. Navicat allows you to transfer data from one database and/or schema to another with detailed analytical process. If it scares you, it might be a good thing to try. Import Wizard allows you to import data to tables/collections from CSV, TXT, XML, DBF and more. Navicat allows you to transfer data from one database and/or schema to another with detailed analytical process. What you get by achieving your goals is not as important as what you become by achieving your goals. The Navigation pane employs tree structure which allows you to take action upon the database and their objects through their pop-up menus quickly and easily. To get a secure connection, the first thing you need to do is to install OpenSSL Library and download Database Source. Success consists of going from failure to failure without loss of enthusiasm. Actually it is just in an idea when feel oneself can achieve and cannot achieve. Typically, it is employed as an encrypted version of Telnet. If the plan doesn’t work, change the plan, but never the goal. To successfully establish a new connection to local/remote server - no matter via SSL or SSH, set the database login information in the General tab. Remember that failure is an event, not a person. Export Wizard allows you to export data from tables, collections, views, or query results to any available formats. To open a query using an external editor, control-click it and select Open with External Editor. You can set the file path of an external editor in Preferences. It is used while your ISPs do not allow direct connections, but allows establishing HTTP connections. The past has no power over the present moment. If opportunity doesn’t knock, build a door. Sometimes you win, sometimes you learn. With its well-designed Graphical User Interface(GUI), Navicat lets you quickly and easily create, organize, access and share information in a secure and easy way. A man’s best friends are his ten fingers. It wasn’t raining when Noah built the ark. To start working with your server in Navicat, you should first establish a connection or several connections using the Connection window. Secure Sockets Layer(SSL) is a protocol for transmitting private documents via the Internet. Champions keep playing until they get it right. Flexible settings enable you to set up a custom key for comparison and synchronization. The reason why a great man is great is that he resolves to be a great man. Always keep your eyes open. Keep watching. Because whatever you see can inspire you. Navicat Monitor can be installed on any local computer or virtual machine and does not require any software installation on the servers being monitored. It can also manage cloud databases such as Amazon Redshift, Amazon RDS, Alibaba Cloud. Features in Navicat are sophisticated enough to provide professional developers for all their specific needs, yet easy to learn for users who are new to database server. The Information Pane shows the detailed object information, project activities, the DDL of database objects, object dependencies, membership of users/roles and preview. Instead of wondering when your next vacation is, maybe you should set up a life you don’t need to escape from. To successfully establish a new connection to local/remote server - no matter via SSL, SSH or HTTP, set the database login information in the General tab. It wasn’t raining when Noah built the ark. SQL Editor allows you to create and edit SQL text, prepare and execute selected queries. To connect to a database or schema, simply double-click it in the pane. You will succeed because most people are lazy. The repository database can be an existing MySQL, MariaDB, PostgreSQL, SQL Server, or Amazon RDS instance. To successfully establish a new connection to local/remote server - no matter via SSL or SSH, set the database login information in the General tab. Export Wizard allows you to export data from tables, collections, views, or query results to any available formats. The past has no power over the present moment. To start working with your server in Navicat, you should first establish           ', 1, 'qckfZ1diec', 239.8981750, 238.7604661, '2014-09-23 20:16:54', '2005-05-14 20:04:25', '2007-09-25 02:37:34', '2004-11-11 20:39:08', 841, 949, 988.99, '{\"key1\": 527, \"key37\": 8, \"key328\": 443}', NULL, 'QDaeByIReV', 'kE139Ptxie', 'completed', 1, '2017-05-16 05:58:50', '2019-06-13 06:54:15');
INSERT INTO `activities` VALUES (4, 'Miss.', 'Navicat Monitor requires a repository to store alerts and metrics for historical analysis. The Main Window consists of several toolbars and panes for you to work on connections, database objects and advanced tools. A man’s best friends are his ten fingers. All the Navicat Cloud objects are located under different projects. You can share the project to other Navicat Cloud accounts for collaboration. Navicat Data Modeler is a powerful and cost-effective database design tool which helps you build high-quality conceptual, logical and physical data models. Navicat allows you to transfer data from one database and/or schema to another with detailed analytical process. If the Show objects under schema in navigation pane option is checked at the Preferences window, all database objects are also displayed in the pane. To get a secure connection, the first thing you need to do is to install OpenSSL Library and download Database Source. SSH serves to prevent such vulnerabilities and allows you to access a remote server\'s shell without compromising security. If the Show objects under schema in navigation pane option is checked at the Preferences window, all database objects are also displayed in the pane. The Navigation pane employs tree structure which allows you to take action upon the database and their objects through their pop-up menus quickly and easily. Navicat provides a wide range advanced features, such as compelling code editing capabilities, smart code-completion, SQL formatting, and more. Monitored servers include MySQL, MariaDB and SQL Server, and compatible with cloud databases like Amazon RDS, Amazon Aurora, Oracle Cloud, Google Cloud and Microsoft Azure. The reason why a great man is great is that he resolves to be a great man. You can select any connections, objects or projects, and then select the corresponding buttons on the Information Pane. A man’s best friends are his ten fingers. Secure Sockets Layer(SSL) is a protocol for transmitting private documents via the Internet. Success consists of going from failure to failure without loss of enthusiasm. Monitored servers include MySQL, MariaDB and SQL Server, and compatible with cloud databases like Amazon RDS, Amazon Aurora, Oracle Cloud, Google Cloud and Microsoft Azure. If you wait, all that happens is you get older. Optimism is the one quality more associated with success and happiness than any other. Always keep your eyes open. Keep watching. Because whatever you see can inspire you. Navicat Monitor requires a repository to store alerts and metrics for historical analysis. Navicat provides powerful tools for working with queries: Query Editor for editing the query text directly, and Query Builder, Find Builder or Aggregate Builder for building queries visually. Navicat provides powerful tools for working with queries: Query Editor for editing the query text directly, and Query Builder, Find Builder or Aggregate Builder for building queries visually. If it scares you, it might be a good thing to try. The Main Window consists of several toolbars and panes for you to work on connections, database objects and advanced tools. Navicat Data Modeler enables you to build high-quality conceptual, logical and physical data models for a wide variety of audiences. Difficult circumstances serve as a textbook of life for people. Flexible settings enable you to set up a custom key for comparison and synchronization. If the plan doesn’t work, change the plan, but never the goal. If opportunity doesn’t knock, build a door. Navicat provides powerful tools for working with queries: Query Editor for editing the query text directly, and Query Builder, Find Builder or Aggregate Builder for building queries visually. To get a secure connection, the first thing you need to do is to install OpenSSL Library and download Database Source. Optimism is the one quality more associated with success and happiness than any other. The Main Window consists of several toolbars and panes for you to work on connections, database objects and advanced tools. You will succeed because most people are lazy. Secure Sockets Layer(SSL) is a protocol for transmitting private documents via the Internet. Champions keep playing until they get it right. Navicat Data Modeler is a powerful and cost-effective database design tool which helps you build high-quality conceptual, logical and physical data models. HTTP Tunneling is a method for connecting to a server that uses the same protocol (http://) and the same port (port 80) as a web server does. If the Show objects under schema in navigation pane option is checked at the Preferences window, all database objects are also displayed in the pane. The repository database can be an existing MySQL, MariaDB, PostgreSQL, SQL Server, or Amazon RDS instance. I destroy my enemies when I make them my friends. I will greet this day with love in my heart. A comfort zone is a beautiful place, but nothing ever grows there. Instead of wondering when your next vacation is, maybe you should set up a life you don’t need to escape from. The first step is as good as half over. After logged in the Navicat Cloud feature, the Navigation pane will be divided into Navicat Cloud and My Connections sections. In the middle of winter I at last discovered that there was in me an invincible summer. Navicat Monitor requires a repository to store alerts and metrics for historical analysis. SSH serves to prevent such vulnerabilities and allows you to access a remote server\'s shell without compromising security. To open a query using an external editor, control-click it and select Open with External Editor. You can set the file path of an external editor in Preferences. It can also manage cloud databases such as Amazon Redshift, Amazon RDS, Alibaba Cloud. Features in Navicat are sophisticated enough to provide professional developers for all their specific needs, yet easy to learn for users who are new to database server. Navicat Monitor is a safe, simple and agentless remote server monitoring tool that is packed with powerful features to make your monitoring effective as possible. Secure SHell (SSH) is a program to log in into another computer over a network, execute commands on a remote server, and move files from one machine to another.', 2, 'J61KOgYp2p', 595.4735169, 714.0650042, '2019-06-26 13:21:49', '2006-09-27 01:03:34', '2012-03-16 18:06:18', '2003-12-15 10:00:42', 20, 905, 608.25, '{\"key82\": 98, \"key93\": 7, \"key94\": 156}', NULL, 'sROAjGsUPV', 'VXUot27CBU', 'published', 1, '2025-04-12 13:05:49', '2025-08-02 07:43:52');
INSERT INTO `activities` VALUES (5, 'Mrs.', 'Navicat provides a wide range advanced features, such as compelling code editing capabilities, smart code-completion, SQL formatting, and more. Genius is an infinite capacity for taking pains. What you get by achieving your goals is not as important as what you become by achieving your goals. SSH serves to prevent such vulnerabilities and allows you to access a remote server\'s shell without compromising security. Anyone who has ever made anything of importance was disciplined. Export Wizard allows you to export data from tables, collections, views, or query results to any available formats. The Information Pane shows the detailed object information, project activities, the DDL of database objects, object dependencies, membership of users/roles and preview. Remember that failure is an event, not a person. All journeys have secret destinations of which the traveler is unaware. In a Telnet session, all communications, including username and password, are transmitted in plain-text, allowing anyone to listen-in on your session and steal passwords and other information. To successfully establish a new connection to local/remote server - no matter via SSL, SSH or HTTP, set the database login information in the General tab. It wasn’t raining when Noah built the ark. Navicat provides a wide range advanced features, such as compelling code editing capabilities, smart code-completion, SQL formatting, and more. Champions keep playing until they get it right. After logged in the Navicat Cloud feature, the Navigation pane will be divided into Navicat Cloud and My Connections sections. It collects process metrics such as CPU load, RAM usage, and a variety of other resources over SSH/SNMP. I may not have gone where I intended to go, but I think I have ended up where I needed to be. In the Objects tab, you can use the List List, Detail Detail and ER Diagram ER Diagram buttons to change the object view. HTTP Tunneling is a method for connecting to a server that uses the same protocol (http://) and the same port (port 80) as a web server does. Import Wizard allows you to import data to tables/collections from CSV, TXT, XML, DBF and more. The first step is as good as half over. Navicat Data Modeler is a powerful and cost-effective database design tool which helps you build high-quality conceptual, logical and physical data models. In other words, Navicat provides the ability for data in different databases and/or schemas to be kept up-to-date so that each repository contains the same information. The Synchronize to Database function will give you a full picture of all database differences. The Synchronize to Database function will give you a full picture of all database differences. Export Wizard allows you to export data from tables, collections, views, or query results to any available formats. You cannot save people, you can just love them. You cannot save people, you can just love them. Navicat 15 has added support for the system-wide dark mode. After comparing data, the window shows the number of records that will be inserted, updated or deleted in the target. The Synchronize to Database function will give you a full picture of all database differences. Always keep your eyes open. Keep watching. Because whatever you see can inspire you. The On Startup feature allows you to control what tabs appear when you launch Navicat. If your Internet Service Provider (ISP) does not provide direct access to its server, Secure Tunneling Protocol (SSH) / HTTP is another solution. To start working with your server in Navicat, you should first establish a connection or several connections using the Connection window. The past has no power over the present moment. Navicat Cloud provides a cloud service for synchronizing connections, queries, model files and virtual group information from Navicat, other Navicat family members, different machines and different platforms. I destroy my enemies when I make them my friends. The On Startup feature allows you to control what tabs appear when you launch Navicat. Instead of wondering when your next vacation is, maybe you should set up a life you don’t need to escape from. To successfully establish a new connection to local/remote server - no matter via SSL or SSH, set the database login information in the General tab. If opportunity doesn’t knock, build a door. Navicat Cloud provides a cloud service for synchronizing connections, queries, model files and virtual group information from Navicat, other Navicat family members, different machines and different platforms. It is used while your ISPs do not allow direct connections, but allows establishing HTTP connections. Remember that failure is an event, not a person. Such sessions are also susceptible to session hijacking, where a malicious user takes over your session once you have authenticated. Typically, it is employed as an encrypted version of Telnet. Navicat authorizes you to make connection to remote servers running on different platforms (i.e. Windows, macOS, Linux and UNIX), and supports PAM and GSSAPI authentication. Actually it is just in an idea when feel oneself can achieve and cannot achieve. To successfully establish a new connection to local/remote server - no matter via SSL, SSH or HTTP, set the database login information in the General tab. You will succeed because most people are lazy. It can also manage cloud databases such as Amazon Redshift, Amazon RDS, Alibaba Cloud. Features in Navicat are sophisticated enough to provide professional developers for all their specific needs, yet easy to learn for users who are new to database server. Navicat is a multi-connections Database Administration tool allowing you to connect to MySQL, Oracle, PostgreSQL, SQLite, SQL Server, MariaDB and/or MongoDB databases, making database administration to multiple kinds of database so easy. It provides strong authentication and secure encrypted communications between two hosts, known as SSH Port Forwarding (Tunneling), over an insecure network. Navicat allows you to transfer data from one database and/or schema to another with detailed analytical process. Navicat Monitor can be installed on any local computer or virtual machine and does not require any software installation on the servers being monitored. I may not have gone where I intended to go, but I think I have ended up where I needed to be. HTTP Tunneling is a method for connecting to a server that uses the same protocol (http://) and the same port (port 80) as a web server does. SSH serves to prevent such vulnerabilities and allows you to access a remote server\'s shell without compromising security. Flexible settings enable you to set up a custom key for comparison and synchronization. A query is used to extract data from the database in a readable format according to the user\'s request. The first step is as good as half over. Navicat Data Modeler enables you to build high-quality conceptual, logical and physical data models for a wide variety of audiences. In other words, Navicat provides the ability for data in different databases and/or schemas to be kept up-to-date so that each repository contains the same information. Sometimes you win, sometimes you learn. Sometimes you win, sometimes you learn. You can select any connections, objects or projects, and then select the corresponding buttons on the Information Pane. The past has no power over the present moment. SQL Editor allows you to create and edit SQL text, prepare and execute selected queries. To get a secure connection, the first thing you need to do is to install OpenSSL Library and download Database Source. You can select any connections, objects or projects, and then select the corresponding buttons on the Information Pane. I destroy my enemies when I make them my friends. If the plan doesn’t work, change the plan, but never the goal. Such sessions are also susceptible to session hijacking, where a malicious user takes over your session once you have authenticated. Instead of wondering when your next vacation is, maybe you should set up a life you don’t need to escape from. Navicat provides powerful tools for working with queries: Query Editor for editing the query text directly, and Query Builder, Find Builder or Aggregate Builder for building queries visually. The Synchronize to Database function will give you a full picture of all database differences. With its well-designed Graphical User Interface(GUI), Navicat lets you quickly and easily create, organize, access and share information in a secure and easy way. What you get by achieving your goals is not as important as what you become by achieving your goals. To open a query using an external editor, control-click it and select Open with External Editor. You can set the file path of an external editor in Preferences. If your Internet Service Provider (ISP) does not provide direct access to its server, Secure Tunneling Protocol (SSH) / HTTP is another solution. You can select any connections, objects or projects, and then select the corresponding buttons on the Information Pane. In other words, Navicat provides the ability for data in different databases and/or schemas to be kept up-to-date so that each repository contains the same information. To successfully establish a new connection to local/remote server - no matter via SSL, SSH or HTTP, set the database login information in the General tab. You must be the change you wish to see in the world. You will succeed because most people are lazy. Navicat Monitor is a safe, simple and agentless remote server monitoring tool that is packed with powerful features to make your monitoring effective as possible.', 3, 'YkLRtHm1zP', 468.6955146, 514.0984297, '2005-08-17 01:20:29', '2010-09-22 13:25:13', '2021-01-13 09:19:15', '2024-06-22 10:44:00', 61, 54, 62.21, '{\"key8\": 531, \"key26\": 20, \"key286\": 58, \"key563\": 260, \"key664\": 28}', NULL, 'bLN1j4zu8O', 'wBfV5HIruV', 'completed', 1, '2004-03-02 06:10:58', '2014-05-23 22:13:43');
INSERT INTO `activities` VALUES (6, 'Mrs.', 'Actually it is just in an idea when feel oneself can achieve and cannot achieve. After comparing data, the window shows the number of records that will be inserted, updated or deleted in the target. A man’s best friends are his ten fingers. If opportunity doesn’t knock, build a door. SQL Editor allows you to create and edit SQL text, prepare and execute selected queries. To successfully establish a new connection to local/remote server - no matter via SSL or SSH, set the database login information in the General tab.', 5, 'Jl0OvrtCJz', 829.2791578, 115.4560538, '2002-01-27 15:38:39', '2005-11-06 17:34:32', '2009-05-19 13:36:51', '2013-04-24 03:11:56', 552, 346, 5.77, '{\"key5\": 64, \"key17\": 620, \"key89\": 965, \"key265\": 8}', NULL, 'KIZsFUee3J', 'wfVXz9gbL5', 'cancelled', 2, '2024-10-21 03:28:14', '2013-08-04 00:25:59');
INSERT INTO `activities` VALUES (7, 'Miss.', 'If the plan doesn’t work, change the plan, but never the goal. With its well-designed Graphical User Interface(GUI), Navicat lets you quickly and easily create, organize, access and share information in a secure and easy way. Remember that failure is an event, not a person. Secure SHell (SSH) is a program to log in into another computer over a network, execute commands on a remote server, and move files from one machine to another. It wasn’t raining when Noah built the ark. The Synchronize to Database function will give you a full picture of all database differences. To successfully establish a new connection to local/remote server - no matter via SSL, SSH or HTTP, set the database login information in the General tab. There is no way to happiness. Happiness is the way. Instead of wondering when your next vacation is, maybe you should set up a life you don’t need to escape from. In the middle of winter I at last discovered that there was in me an invincible summer. There is no way to happiness. Happiness is the way. It can also manage cloud databases such as Amazon Redshift, Amazon RDS, Alibaba Cloud. Features in Navicat are sophisticated enough to provide professional developers for all their specific needs, yet easy to learn for users who are new to database server. The Navigation pane employs tree structure which allows you to take action upon the database and their objects through their pop-up menus quickly and easily. If it scares you, it might be a good thing to try. Navicat Cloud provides a cloud service for synchronizing connections, queries, model files and virtual group information from Navicat, other Navicat family members, different machines and different platforms. Export Wizard allows you to export data from tables, collections, views, or query results to any available formats. Genius is an infinite capacity for taking pains. HTTP Tunneling is a method for connecting to a server that uses the same protocol (http://) and the same port (port 80) as a web server does. The Synchronize to Database function will give you a full picture of all database differences. In other words, Navicat provides the ability for data in different databases and/or schemas to be kept up-to-date so that each repository contains the same information. Success consists of going from failure to failure without loss of enthusiasm. If you wait, all that happens is you get older. SQL Editor allows you to create and edit SQL text, prepare and execute selected queries. A comfort zone is a beautiful place, but nothing ever grows there. Anyone who has ever made anything of importance was disciplined. Navicat 15 has added support for the system-wide dark mode. The Navigation pane employs tree structure which allows you to take action upon the database and their objects through their pop-up menus quickly and easily. Navicat Monitor can be installed on any local computer or virtual machine and does not require any software installation on the servers being monitored. Navicat Monitor is a safe, simple and agentless remote server monitoring tool that is packed with powerful features to make your monitoring effective as possible. I will greet this day with love in my heart. To start working with your server in Navicat, you should first establish a connection or several connections using the Connection window. Creativity is intelligence having fun. Flexible settings enable you to set up a custom key for comparison and synchronization. I will greet this day with love in my heart. What you get by achieving your goals is not as important as what you become by achieving your goals. Secure SHell (SSH) is a program to log in into another computer over a network, execute commands on a remote server, and move files from one machine to another. Navicat Monitor can be installed on any local computer or virtual machine and does not require any software installation on the servers being monitored. It collects process metrics such as CPU load, RAM usage, and a variety of other resources over SSH/SNMP. Genius is an infinite capacity for taking pains. To clear or reload various internal caches, flush tables, or acquire locks, control-click your connection in the Navigation pane and select Flush and choose the flush option. You must have the reload privilege to use this feature. Navicat allows you to transfer data from one database and/or schema to another with detailed analytical process. If your Internet Service Provider (ISP) does not provide direct access to its server, Secure Tunneling Protocol (SSH) / HTTP is another solution.', 5, 'nxq6MZIBKL', 505.1210781, 971.1645733, '2014-04-22 15:08:25', '2020-08-14 06:24:59', '2006-07-19 23:35:14', '2009-10-26 03:57:13', 198, 96, 922.97, '{\"key33\": 6}', NULL, 'uRXZmo6ZeC', 'HuMJ5AR892', 'completed', 1, '2000-05-22 16:15:19', '2005-03-04 09:35:54');
INSERT INTO `activities` VALUES (8, 'Miss.', 'Navicat authorizes you to make connection to remote servers running on different platforms (i.e. Windows, macOS, Linux and UNIX), and supports PAM and GSSAPI authentication. I destroy my enemies when I make them my friends. A man’s best friends are his ten fingers. In the middle of winter I at last discovered that there was in me an invincible summer. If the plan doesn’t work, change the plan, but never the goal. Navicat Cloud could not connect and access your databases. By which it means, it could only store your connection settings, queries, model files, and virtual group; your database passwords and data (e.g. tables, views, etc) will not be stored to Navicat Cloud. SQL Editor allows you to create and edit SQL text, prepare and execute selected queries. If opportunity doesn’t knock, build a door. To open a query using an external editor, control-click it and select Open with External Editor. You can set the file path of an external editor in Preferences. After comparing data, the window shows the number of records that will be inserted, updated or deleted in the target. Remember that failure is an event, not a person. In the Objects tab, you can use the List List, Detail Detail and ER Diagram ER Diagram buttons to change the object view. Typically, it is employed as an encrypted version of Telnet. The past has no power over the present moment. Anyone who has ever made anything of importance was disciplined. Optimism is the one quality more associated with success and happiness than any other. With its well-designed Graphical User Interface(GUI), Navicat lets you quickly and easily create, organize, access and share information in a secure and easy way. Remember that failure is an event, not a person. The repository database can be an existing MySQL, MariaDB, PostgreSQL, SQL Server, or Amazon RDS instance. In a Telnet session, all communications, including username and password, are transmitted in plain-text, allowing anyone to listen-in on your session and steal passwords and other information. What you get by achieving your goals is not as important as what you become by achieving your goals. To successfully establish a new connection to local/remote server - no matter via SSL, SSH or HTTP, set the database login information in the General tab. A comfort zone is a beautiful place, but nothing ever grows there. Instead of wondering when your next vacation is, maybe you should set up a life you don’t need to escape from. If your Internet Service Provider (ISP) does not provide direct access to its server, Secure Tunneling Protocol (SSH) / HTTP is another solution. You cannot save people, you can just love them. It provides strong authentication and secure encrypted communications between two hosts, known as SSH Port Forwarding (Tunneling), over an insecure network. Anyone who has never made a mistake has never tried anything new. Flexible settings enable you to set up a custom key for comparison and synchronization. After comparing data, the window shows the number of records that will be inserted, updated or deleted in the target. In a Telnet session, all communications, including username and password, are transmitted in plain-text, allowing anyone to listen-in on your session and steal passwords and other information. Navicat Monitor can be installed on any local computer or virtual machine and does not require any software installation on the servers being monitored. The past has no power over the present moment. Navicat Data Modeler is a powerful and cost-effective database design tool which helps you build high-quality conceptual, logical and physical data models. Navicat 15 has added support for the system-wide dark mode. I destroy my enemies when I make them my friends. Remember that failure is an event, not a person. To connect to a database or schema, simply double-click it in the pane. In the Objects tab, you can use the List List, Detail Detail and ER Diagram ER Diagram buttons to change the object view. Navicat provides powerful tools for working with queries: Query Editor for editing the query text directly, and Query Builder, Find Builder or Aggregate Builder for building queries visually. How we spend our days is, of course, how we spend our lives. Secure SHell (SSH) is a program to log in into another computer over a network, execute commands on a remote server, and move files from one machine to another. If the plan doesn’t work, change the plan, but never the goal. It collects process metrics such as CPU load, RAM usage, and a variety of other resources over SSH/SNMP. Export Wizard allows you to export data from tables, collections, views, or query results to any available formats. Navicat provides powerful tools for working with queries: Query Editor for editing the query text directly, and Query Builder, Find Builder or Aggregate Builder for building queries visually. I destroy my enemies when I make them my friends. To connect to a database or schema, simply double-click it in the pane. SQL Editor allows you to create and edit SQL text, prepare and execute selected queries. Export Wizard allows you to export data from tables, collections, views, or query results to any available formats. The reason why a great man is great is that he resolves to be a great man. After logged in the Navicat Cloud feature, the Navigation pane will be divided into Navicat Cloud and My Connections sections. In the Objects tab, you can use the List List, Detail Detail and ER Diagram ER Diagram buttons to change the object view. Difficult circumstances serve as a textbook of life for people. To get a secure connection, the first thing you need to do is to install OpenSSL Library and download Database Source. Such sessions are also susceptible to session hijacking, where a malicious user takes over your session once you have authenticated. Navicat Monitor is a safe, simple and agentless remote server monitoring tool that is packed with powerful features to make your monitoring effective as possible. It can also manage cloud databases such as Amazon Redshift, Amazon RDS, Alibaba Cloud. Features in Navicat are sophisticated enough to provide professional developers for all their specific needs, yet easy to learn for users who are new to database server.', 1, '1PyQgr0vmK', 759.9204233, 950.1107524, '2016-06-03 12:10:35', '2003-05-05 12:12:59', '2007-11-04 19:47:34', '2016-01-28 05:13:40', 524, 902, 18.87, '{\"key27\": 6}', NULL, 'AoFKEJNA6u', 'SQHyRVeQOu', 'pending', 2, '2006-08-26 06:25:22', '2007-12-19 00:17:49');
INSERT INTO `activities` VALUES (9, 'Mrs.', 'To clear or reload various internal caches, flush tables, or acquire locks, control-click your connection in the Navigation pane and select Flush and choose the flush option. You must have the reload privilege to use this feature. In the Objects tab, you can use the List List, Detail Detail and ER Diagram ER Diagram buttons to change the object view. A query is used to extract data from the database in a readable format according to the user\'s request. In the Objects tab, you can use the List List, Detail Detail and ER Diagram ER Diagram buttons to change the object view. To get a secure connection, the first thing you need to do is to install OpenSSL Library and download Database Source. Optimism is the one quality more associated with success and happiness than any other. Navicat 15 has added support for the system-wide dark mode. If it scares you, it might be a good thing to try. In the Objects tab, you can use the List List, Detail Detail and ER Diagram ER Diagram buttons to change the object view. Secure Sockets Layer(SSL) is a protocol for transmitting private documents via the Internet. SQL Editor allows you to create and edit SQL text, prepare and execute selected queries. It can also manage cloud databases such as Amazon Redshift, Amazon RDS, Alibaba Cloud. Features in Navicat are sophisticated enough to provide professional developers for all their specific needs, yet easy to learn for users who are new to database server. It collects process metrics such as CPU load, RAM usage, and a variety of other resources over SSH/SNMP. Navicat Data Modeler enables you to build high-quality conceptual, logical and physical data models for a wide variety of audiences. Navicat Monitor requires a repository to store alerts and metrics for historical analysis. Instead of wondering when your next vacation is, maybe you should set up a life you don’t need to escape from. If opportunity doesn’t knock, build a door. It collects process metrics such as CPU load, RAM usage, and a variety of other resources over SSH/SNMP. In the middle of winter I at last discovered that there was in me an invincible summer. Anyone who has ever made anything of importance was disciplined. After comparing data, the window shows the number of records that will be inserted, updated or deleted in the target. Navicat allows you to transfer data from one database and/or schema to another with detailed analytical process. Anyone who has ever made anything of importance was disciplined. You will succeed because most people are lazy. The reason why a great man is great is that he resolves to be a great man. To start working with your server in Navicat, you should first establish a connection or several connections using the Connection window. Anyone who has never made a mistake has never tried anything new. To get a secure connection, the first thing you need to do is to install OpenSSL Library and download Database Source. Monitored servers include MySQL, MariaDB and SQL Server, and compatible with cloud databases like Amazon RDS, Amazon Aurora, Oracle Cloud, Google Cloud and Microsoft Azure. Monitored servers include MySQL, MariaDB and SQL Server, and compatible with cloud databases like Amazon RDS, Amazon Aurora, Oracle Cloud, Google Cloud and Microsoft Azure. The repository database can be an existing MySQL, MariaDB, PostgreSQL, SQL Server, or Amazon RDS instance. To successfully establish a new connection to local/remote server - no matter via SSL or SSH, set the database login information in the General tab. Optimism is the one quality more associated with success and happiness than any other. You can select any connections, objects or projects, and then select the corresponding buttons on the Information Pane. It can also manage cloud databases such as Amazon Redshift, Amazon RDS, Alibaba Cloud. Features in Navicat are sophisticated enough to provide professional developers for all their specific needs, yet easy to learn for users who are new to database server. To successfully establish a new connection to local/remote server - no matter via SSL, SSH or HTTP, set the database login information in the General tab. Typically, it is employed as an encrypted version of Telnet. The Synchronize to Database function will give you a full picture of all database differences. Such sessions are also susceptible to session hijacking, where a malicious user takes over your session once you have authenticated. Genius is an infinite capacity for taking pains. Export Wizard allows you to export data from tables, collections, views, or query results to any available formats. Typically, it is employed as an encrypted version of Telnet. A query is used to extract data from the database in a readable format according to the user\'s request. Navicat Monitor can be installed on any local computer or virtual machine and does not require any software installation on the servers being monitored. Navicat Data Modeler enables you to build high-quality conceptual, logical and physical data models for a wide variety of audiences. If the plan doesn’t work, change the plan, but never the goal. After comparing data, the window shows the number of records that will be inserted, updated or deleted in the target. A comfort zone is a beautiful place, but nothing ever grows there. Navicat Data Modeler is a powerful and cost-effective database design tool which helps you build high-quality conceptual, logical and physical data models. There is no way to happiness. Happiness is the way. It collects process metrics such as CPU load, RAM usage, and a variety of other resources over SSH/SNMP. To connect to a database or schema, simply double-click it in the pane. The Information Pane shows the detailed object information, project activities, the DDL of database objects, object dependencies, membership of users/roles and preview. To start working with your server in Navicat, you should first establish a connection or several connections using the Connection window. The first step is as good as half over. I destroy my enemies when I make them my friends. Such sessions are also susceptible to session hijacking, where a malicious user takes over your session once you have authenticated. Instead of wondering when your next vacation is, maybe you should set up a life you don’t need to escape from. Navicat Cloud provides a cloud service for synchronizing connections, queries, model files and virtual group information from Navicat, other Navicat family members, different machines and different platforms. It provides strong authentication and secure encrypted communications between two hosts, known as SSH Port Forwarding (Tunneling), over an insecure network. In the middle of winter I at last discovered that there was in me an invincible summer. A comfort zone is a beautiful place, but nothing ever grows there. Navicat Cloud could not connect and access your databases. By which it means, it could only store your connection settings, queries, model files, and virtual group; your database passwords and data (e.g. tables, views, etc) will not be stored to Navicat Cloud. To connect to a database or schema, simply double-click it in the pane. If the plan doesn’t work, change the plan, but never the goal. I destroy my enemies when I make them my friends. Anyone who has ever made anything of importance was disciplined. Creativity is intelligence having fun. HTTP Tunneling is a method for connecting to a server that uses the same protocol (http://) and the same port (port 80) as a web server does. Navicat Cloud provides a cloud service for synchronizing connections, queries, model files and virtual group information from Navicat, other Navicat family members, different machines and different platforms. Navicat Cloud provides a cloud service for synchronizing connections, queries, model files and virtual group information from Navicat, other Navicat family members, different machines and different platforms. I may not have gone where I intended to go, but I think I have ended up where I needed to be. Navicat provides a wide range advanced features, such as compelling code editing capabilities, smart code-completion, SQL formatting, and more. It wasn’t raining when Noah built the ark. You must be the change you wish to see in the world. Monitored servers include MySQL, MariaDB and SQL Server, and compatible with cloud databases like Amazon RDS, Amazon Aurora, Oracle Cloud, Google Cloud and Microsoft Azure. Always keep your eyes open. Keep watching. Because whatever you see can inspire you. Sometimes you win, sometimes you learn. You must be the change you wish to see in the world. Navicat Monitor is a safe, simple and agentless remote server monitoring tool that is packed with powerful features to make your monitoring effective as possible. Anyone who has never made a mistake has never tried anything new. To successfully establish a new connection to local/remote server - no matter via SSL or SSH, set the database login information in the General tab. SQL Editor allows you to create and edit SQL text, prepare and execute selected queries.', 3, 'HJBEQSxnYO', 548.0027798, 513.9585073, '2009-12-14 00:33:55', '2023-01-19 09:34:06', '2004-08-15 19:26:46', '2000-02-11 01:22:12', 28, 808, 775.25, '{\"key53\": 2, \"key132\": 155, \"key277\": 956}', NULL, 'xiOU4MT9J0', 'FEYSUAyLi6', 'published', 1, '2003-09-30 11:20:55', '2019-06-10 22:37:04');
INSERT INTO `activities` VALUES (10, 'Mrs.', 'Navicat authorizes you to make connection to remote servers running on different platforms (i.e. Windows, macOS, Linux and UNIX), and supports PAM and GSSAPI authentication. The Information Pane shows the detailed object information, project activities, the DDL of database objects, object dependencies, membership of users/roles and preview. Success consists of going from failure to failure without loss of enthusiasm. With its well-designed Graphical User Interface(GUI), Navicat lets you quickly and easily create, organize, access and share information in a secure and easy way. It can also manage cloud databases such as Amazon Redshift, Amazon RDS, Alibaba Cloud. Features in Navicat are sophisticated enough to provide professional developers for all their specific needs, yet easy to learn for users who are new to database server. Navicat Data Modeler is a powerful and cost-effective database design tool which helps you build high-quality conceptual, logical and physical data models. Navicat Monitor requires a repository to store alerts and metrics for historical analysis. If your Internet Service Provider (ISP) does not provide direct access to its server, Secure Tunneling Protocol (SSH) / HTTP is another solution. Anyone who has ever made anything of importance was disciplined. Navicat Data Modeler enables you to build high-quality conceptual, logical and physical data models for a wide variety of audiences. The Information Pane shows the detailed object information, project activities, the DDL of database objects, object dependencies, membership of users/roles and preview. The repository database can be an existing MySQL, MariaDB, PostgreSQL, SQL Server, or Amazon RDS instance. Secure Sockets Layer(SSL) is a protocol for transmitting private documents via the Internet. You can select any connections, objects or projects, and then select the corresponding buttons on the Information Pane. If it scares you, it might be a good thing to try. The On Startup feature allows you to control what tabs appear when you launch Navicat. Creativity is intelligence having fun. Success consists of going from failure to failure without loss of enthusiasm. What you get by achieving your goals is not as important as what you become by achieving your goals. Secure SHell (SSH) is a program to log in into another computer over a network, execute commands on a remote server, and move files from one machine to another. After comparing data, the window shows the number of records that will be inserted, updated or deleted in the target. HTTP Tunneling is a method for connecting to a server that uses the same protocol (http://) and the same port (port 80) as a web server does. The first step is as good as half over. In a Telnet session, all communications, including username and password, are transmitted in plain-text, allowing anyone to listen-in on your session and steal passwords and other information. With its well-designed Graphical User Interface(GUI), Navicat lets you quickly and easily create, organize, access and share information in a secure and easy way. What you get by achieving your goals is not as important as what you become by achieving your goals. It can also manage cloud databases such as Amazon Redshift, Amazon RDS, Alibaba Cloud. Features in Navicat are sophisticated enough to provide professional developers for all their specific needs, yet easy to learn for users who are new to database server. Champions keep playing until they get it right. All the Navicat Cloud objects are located under different projects. You can share the project to other Navicat Cloud accounts for collaboration. Champions keep playing until they get it right. SQL Editor allows you to create and edit SQL text, prepare and execute selected queries. To connect to a database or schema, simply double-click it in the pane. Secure Sockets Layer(SSL) is a protocol for transmitting private documents via the Internet. Navicat Monitor is a safe, simple and agentless remote server monitoring tool that is packed with powerful features to make your monitoring effective as possible. Navicat Data Modeler is a powerful and cost-effective database design tool which helps you build high-quality conceptual, logical and physical data models. I may not have gone where I intended to go, but I think I have ended up where I needed to be. Navicat authorizes you to make connection to remote servers running on different platforms (i.e. Windows, macOS, Linux and UNIX), and supports PAM and GSSAPI authentication. Optimism is the one quality more associated with success and happiness than any other. HTTP Tunneling is a method for connecting to a server that uses the same protocol (http://) and the same port (port 80) as a web server does. HTTP Tunneling is a method for connecting to a server that uses the same protocol (http://) and the same port (port 80) as a web server does. Instead of wondering when your next vacation is, maybe you should set up a life you don’t need to escape from.', 7, 'G59o5RB3YH', 505.0752951, 263.2295201, '2015-09-14 19:25:51', '2007-11-15 13:06:51', '2010-01-24 11:20:38', '2007-06-01 04:38:46', 753, 539, 765.58, '{\"key61\": 4}', NULL, 'fZVVl32FS1', 'Lmu4xp9k9x', 'published', 1, '2009-08-31 14:12:40', '2025-08-02 07:51:40');
INSERT INTO `activities` VALUES (13, '123', '123', 1, '123', NULL, NULL, '2025-08-07 00:00:00', '2025-08-28 00:00:00', '2025-08-02 12:46:53', '2025-08-05 00:00:00', 100, 2, 100.00, NULL, 'http://localhost:8080/images/20250802_101008_d5152720.png', '123', '', 'published', 1, '2025-08-02 10:07:29', '2025-08-03 21:46:31');

-- ----------------------------
-- Table structure for activity_categories
-- ----------------------------
DROP TABLE IF EXISTS `activity_categories`;
CREATE TABLE `activity_categories`  (
  `id` int NOT NULL AUTO_INCREMENT COMMENT '分类ID',
  `name` varchar(50) CHARACTER SET utf8mb4 COLLATE utf8mb4_unicode_ci NOT NULL COMMENT '分类名称',
  `description` varchar(255) CHARACTER SET utf8mb4 COLLATE utf8mb4_unicode_ci NULL DEFAULT NULL COMMENT '分类描述',
  `icon` varchar(255) CHARACTER SET utf8mb4 COLLATE utf8mb4_unicode_ci NULL DEFAULT NULL COMMENT '分类图标URL',
  `sort_order` int NULL DEFAULT 0 COMMENT '排序顺序',
  `status` tinyint NULL DEFAULT 1 COMMENT '状态：0-禁用，1-启用',
  `created_at` datetime NULL DEFAULT CURRENT_TIMESTAMP COMMENT '创建时间',
  `updated_at` datetime NULL DEFAULT CURRENT_TIMESTAMP ON UPDATE CURRENT_TIMESTAMP COMMENT '更新时间',
  PRIMARY KEY (`id`) USING BTREE,
  UNIQUE INDEX `uk_name`(`name` ASC) USING BTREE,
  INDEX `idx_status`(`status` ASC) USING BTREE,
  INDEX `idx_sort_order`(`sort_order` ASC) USING BTREE
) ENGINE = InnoDB AUTO_INCREMENT = 10 CHARACTER SET = utf8mb4 COLLATE = utf8mb4_unicode_ci COMMENT = '活动分类表' ROW_FORMAT = Dynamic;

-- ----------------------------
-- Records of activity_categories
-- ----------------------------
INSERT INTO `activity_categories` VALUES (1, 'Sports', '各类体育活动和运动项目', NULL, 1, 1, '2025-08-01 18:39:51', '2025-08-02 21:20:05');
INSERT INTO `activity_categories` VALUES (2, 'Culture and art', '音乐、美术、文学等文化艺术活动', NULL, 2, 1, '2025-08-01 18:39:51', '2025-08-02 21:20:38');
INSERT INTO `activity_categories` VALUES (3, 'Learning and training', '技能培训、知识分享等学习活动', NULL, 3, 1, '2025-08-01 18:39:51', '2025-08-02 21:20:51');
INSERT INTO `activity_categories` VALUES (4, 'Social gatherings', '聚餐、聚会、交友等社交活动', NULL, 4, 1, '2025-08-01 18:39:51', '2025-08-02 21:20:59');
INSERT INTO `activity_categories` VALUES (5, 'Public welfare activities', '志愿服务、慈善活动等公益项目', NULL, 5, 1, '2025-08-01 18:39:51', '2025-08-02 21:21:08');
INSERT INTO `activity_categories` VALUES (6, 'Outdoor adventures', '登山、徒步、露营等户外活动', NULL, 6, 1, '2025-08-01 18:39:51', '2025-08-02 21:21:18');
INSERT INTO `activity_categories` VALUES (7, 'Parent-child activities', '适合家庭参与的亲子互动活动', NULL, 7, 1, '2025-08-01 18:39:51', '2025-08-02 21:21:28');
INSERT INTO `activity_categories` VALUES (8, 'Other', '其他类型的活动', NULL, 100, 1, '2025-08-01 18:39:51', '2025-08-02 21:21:33');

-- ----------------------------
-- Table structure for activity_registrations
-- ----------------------------
DROP TABLE IF EXISTS `activity_registrations`;
CREATE TABLE `activity_registrations`  (
  `id` bigint NOT NULL AUTO_INCREMENT COMMENT '报名ID',
  `activity_id` bigint NOT NULL COMMENT '活动ID',
  `user_id` bigint NOT NULL COMMENT '用户ID',
  `registration_time` datetime NULL DEFAULT CURRENT_TIMESTAMP COMMENT '报名时间',
  `status` enum('registered','cancelled','attended') CHARACTER SET utf8mb4 COLLATE utf8mb4_unicode_ci NULL DEFAULT 'registered' COMMENT '报名状态：registered-已报名，cancelled-已取消，attended-已参加',
  `notes` text CHARACTER SET utf8mb4 COLLATE utf8mb4_unicode_ci NULL COMMENT '报名备注',
  `created_at` datetime NULL DEFAULT CURRENT_TIMESTAMP COMMENT '创建时间',
  `updated_at` datetime NULL DEFAULT CURRENT_TIMESTAMP ON UPDATE CURRENT_TIMESTAMP COMMENT '更新时间',
  PRIMARY KEY (`id`) USING BTREE,
  UNIQUE INDEX `uk_activity_user`(`activity_id` ASC, `user_id` ASC) USING BTREE,
  INDEX `idx_activity_id`(`activity_id` ASC) USING BTREE,
  INDEX `idx_user_id`(`user_id` ASC) USING BTREE,
  INDEX `idx_status`(`status` ASC) USING BTREE,
  INDEX `idx_registration_time`(`registration_time` ASC) USING BTREE,
  CONSTRAINT `activity_registrations_ibfk_1` FOREIGN KEY (`activity_id`) REFERENCES `activities` (`id`) ON DELETE CASCADE ON UPDATE RESTRICT,
  CONSTRAINT `activity_registrations_ibfk_2` FOREIGN KEY (`user_id`) REFERENCES `users` (`id`) ON DELETE CASCADE ON UPDATE RESTRICT
) ENGINE = InnoDB AUTO_INCREMENT = 8 CHARACTER SET = utf8mb4 COLLATE = utf8mb4_unicode_ci COMMENT = '活动报名表' ROW_FORMAT = Dynamic;

-- ----------------------------
-- Records of activity_registrations
-- ----------------------------
INSERT INTO `activity_registrations` VALUES (6, 13, 1, '2025-08-03 21:39:23', 'registered', NULL, '2025-08-02 20:47:18', '2025-08-03 21:39:23');
INSERT INTO `activity_registrations` VALUES (7, 13, 2, '2025-08-03 21:46:31', 'registered', NULL, '2025-08-03 21:46:31', '2025-08-03 21:46:31');

-- ----------------------------
-- Table structure for banners
-- ----------------------------
DROP TABLE IF EXISTS `banners`;
CREATE TABLE `banners`  (
  `id` bigint NOT NULL AUTO_INCREMENT COMMENT '轮播图ID',
  `title` varchar(200) CHARACTER SET utf8mb4 COLLATE utf8mb4_unicode_ci NOT NULL COMMENT '轮播图标题',
  `image_url` varchar(500) CHARACTER SET utf8mb4 COLLATE utf8mb4_unicode_ci NOT NULL COMMENT '图片URL',
  `link_url` varchar(500) CHARACTER SET utf8mb4 COLLATE utf8mb4_unicode_ci NULL DEFAULT NULL COMMENT '跳转链接',
  `description` text CHARACTER SET utf8mb4 COLLATE utf8mb4_unicode_ci NULL COMMENT '描述信息',
  `sort_order` int NULL DEFAULT 0 COMMENT '排序顺序，数字越小越靠前',
  `status` tinyint NULL DEFAULT 1 COMMENT '状态：0-禁用，1-启用',
  `start_time` datetime NULL DEFAULT NULL COMMENT '开始展示时间',
  `end_time` datetime NULL DEFAULT NULL COMMENT '结束展示时间',
  `click_count` int NULL DEFAULT 0 COMMENT '点击次数统计',
  `creator_id` bigint NOT NULL COMMENT '创建者ID',
  `created_at` datetime NULL DEFAULT CURRENT_TIMESTAMP COMMENT '创建时间',
  `updated_at` datetime NULL DEFAULT CURRENT_TIMESTAMP ON UPDATE CURRENT_TIMESTAMP COMMENT '更新时间',
  PRIMARY KEY (`id`) USING BTREE,
  INDEX `idx_status`(`status` ASC) USING BTREE,
  INDEX `idx_sort_order`(`sort_order` ASC) USING BTREE,
  INDEX `idx_creator_id`(`creator_id` ASC) USING BTREE,
  INDEX `idx_created_at`(`created_at` ASC) USING BTREE,
  CONSTRAINT `banners_ibfk_1` FOREIGN KEY (`creator_id`) REFERENCES `users` (`id`) ON DELETE RESTRICT ON UPDATE RESTRICT
) ENGINE = InnoDB AUTO_INCREMENT = 5 CHARACTER SET = utf8mb4 COLLATE = utf8mb4_unicode_ci COMMENT = '网站轮播图表' ROW_FORMAT = DYNAMIC;

-- ----------------------------
-- Records of banners
-- ----------------------------
INSERT INTO `banners` VALUES (1, '欢迎来到社区活动平台', '/images/banner1.jpg', '/activities', '发现身边精彩活动，结识志同道合的朋友', 1, 1, NULL, NULL, 3, 1, '2025-08-02 08:12:53', '2025-08-03 20:45:58');
INSERT INTO `banners` VALUES (2, '最新活动推荐', '/images/banner2.jpg', '/activities?type=new', '查看最新发布的热门活动', 2, 1, NULL, NULL, 3, 1, '2025-08-02 08:12:53', '2025-08-03 21:46:04');
INSERT INTO `banners` VALUES (3, '社区公告', '/images/banner3.jpg', '/notices', '重要通知和社区动态', 3, 1, NULL, NULL, 2, 1, '2025-08-02 08:12:53', '2025-08-03 20:46:08');
INSERT INTO `banners` VALUES (4, '123', 'http://localhost:8080/images/20250802_090450_b3722c9a.png', '', NULL, 0, 1, NULL, NULL, 11, 1, '2025-08-02 09:04:54', '2025-08-03 20:46:02');

-- ----------------------------
-- Table structure for operation_logs
-- ----------------------------
DROP TABLE IF EXISTS `operation_logs`;
CREATE TABLE `operation_logs`  (
  `id` bigint NOT NULL AUTO_INCREMENT COMMENT '日志ID',
  `user_id` bigint NULL DEFAULT NULL COMMENT '操作用户ID',
  `operation` varchar(100) CHARACTER SET utf8mb4 COLLATE utf8mb4_unicode_ci NOT NULL COMMENT '操作类型',
  `target_type` varchar(50) CHARACTER SET utf8mb4 COLLATE utf8mb4_unicode_ci NULL DEFAULT NULL COMMENT '操作目标类型（user, activity等）',
  `target_id` bigint NULL DEFAULT NULL COMMENT '操作目标ID',
  `description` text CHARACTER SET utf8mb4 COLLATE utf8mb4_unicode_ci NULL COMMENT '操作描述',
  `ip_address` varchar(50) CHARACTER SET utf8mb4 COLLATE utf8mb4_unicode_ci NULL DEFAULT NULL COMMENT '操作IP地址',
  `user_agent` text CHARACTER SET utf8mb4 COLLATE utf8mb4_unicode_ci NULL COMMENT '用户代理',
  `created_at` datetime NULL DEFAULT CURRENT_TIMESTAMP COMMENT '创建时间',
  PRIMARY KEY (`id`) USING BTREE,
  INDEX `idx_user_id`(`user_id` ASC) USING BTREE,
  INDEX `idx_operation`(`operation` ASC) USING BTREE,
  INDEX `idx_target_type`(`target_type` ASC) USING BTREE,
  INDEX `idx_target_id`(`target_id` ASC) USING BTREE,
  INDEX `idx_created_at`(`created_at` ASC) USING BTREE,
  CONSTRAINT `operation_logs_ibfk_1` FOREIGN KEY (`user_id`) REFERENCES `users` (`id`) ON DELETE SET NULL ON UPDATE RESTRICT
) ENGINE = InnoDB CHARACTER SET = utf8mb4 COLLATE = utf8mb4_unicode_ci COMMENT = '操作日志表' ROW_FORMAT = Dynamic;

-- ----------------------------
-- Records of operation_logs
-- ----------------------------

-- ----------------------------
-- Table structure for system_config
-- ----------------------------
DROP TABLE IF EXISTS `system_config`;
CREATE TABLE `system_config`  (
  `id` int NOT NULL AUTO_INCREMENT COMMENT '配置ID',
  `config_key` varchar(100) CHARACTER SET utf8mb4 COLLATE utf8mb4_unicode_ci NOT NULL COMMENT '配置键',
  `config_value` text CHARACTER SET utf8mb4 COLLATE utf8mb4_unicode_ci NULL COMMENT '配置值',
  `config_type` enum('STRING','NUMBER','BOOLEAN','JSON') CHARACTER SET utf8mb4 COLLATE utf8mb4_unicode_ci NULL DEFAULT 'STRING',
  `description` varchar(255) CHARACTER SET utf8mb4 COLLATE utf8mb4_unicode_ci NULL DEFAULT NULL COMMENT '配置描述',
  `is_editable` tinyint NULL DEFAULT 1 COMMENT '是否可编辑：0-不可编辑，1-可编辑',
  `created_at` datetime NULL DEFAULT CURRENT_TIMESTAMP COMMENT '创建时间',
  `updated_at` datetime NULL DEFAULT CURRENT_TIMESTAMP ON UPDATE CURRENT_TIMESTAMP COMMENT '更新时间',
  PRIMARY KEY (`id`) USING BTREE,
  UNIQUE INDEX `config_key`(`config_key` ASC) USING BTREE,
  INDEX `idx_config_key`(`config_key` ASC) USING BTREE
) ENGINE = InnoDB AUTO_INCREMENT = 14 CHARACTER SET = utf8mb4 COLLATE = utf8mb4_unicode_ci COMMENT = '平台配置表' ROW_FORMAT = Dynamic;

-- ----------------------------
-- Records of system_config
-- ----------------------------
INSERT INTO `system_config` VALUES (1, 'site_name', 'Community Event Platform', 'STRING', '网站名称', 1, '2025-08-01 18:39:51', '2025-08-02 11:10:02');
INSERT INTO `system_config` VALUES (2, 'site_description', 'Discover exciting events around you and participate in community life', 'STRING', '网站描述', 1, '2025-08-01 18:39:51', '2025-08-02 11:10:07');
INSERT INTO `system_config` VALUES (3, 'registration_enabled', '1', 'BOOLEAN', '是否开放用户注册', 1, '2025-08-01 18:39:51', '2025-08-01 18:39:51');
INSERT INTO `system_config` VALUES (4, 'activity_auto_publish', '1', 'BOOLEAN', '活动是否自动发布（跳过审核）', 1, '2025-08-01 18:39:51', '2025-08-02 21:43:17');
INSERT INTO `system_config` VALUES (5, 'max_upload_size', '10485760', 'NUMBER', '最大文件上传大小（字节）', 1, '2025-08-01 18:39:51', '2025-08-01 18:39:51');
INSERT INTO `system_config` VALUES (6, 'contact_email', 'contact@example.com', 'STRING', '联系邮箱', 1, '2025-08-01 18:39:51', '2025-08-02 08:02:26');
INSERT INTO `system_config` VALUES (7, 'contact_phone', '400-000-00000', 'STRING', '联系电话', 1, '2025-08-01 18:39:51', '2025-08-03 20:36:59');
INSERT INTO `system_config` VALUES (8, 'sms_enabled', '0', 'BOOLEAN', '是否启用短信功能', 1, '2025-08-01 18:39:51', '2025-08-02 21:42:35');
INSERT INTO `system_config` VALUES (9, 'email_enabled', '1', 'BOOLEAN', '是否启用邮件功能', 1, '2025-08-01 18:39:51', '2025-08-01 18:39:51');
INSERT INTO `system_config` VALUES (10, 'banner_auto_play', '1', 'BOOLEAN', '轮播图是否自动播放', 1, '2025-08-02 08:12:53', '2025-08-02 08:12:53');
INSERT INTO `system_config` VALUES (11, 'banner_play_interval', '5000', 'NUMBER', '轮播图自动播放间隔（毫秒）', 1, '2025-08-02 08:12:53', '2025-08-02 08:12:53');
INSERT INTO `system_config` VALUES (12, 'banner_max_count', '5', 'NUMBER', '轮播图最大显示数量', 1, '2025-08-02 08:12:53', '2025-08-02 08:12:53');

-- ----------------------------
-- Table structure for system_messages
-- ----------------------------
DROP TABLE IF EXISTS `system_messages`;
CREATE TABLE `system_messages`  (
  `id` bigint NOT NULL AUTO_INCREMENT COMMENT '消息ID',
  `title` varchar(200) CHARACTER SET utf8mb4 COLLATE utf8mb4_unicode_ci NOT NULL COMMENT '消息标题',
  `content` text CHARACTER SET utf8mb4 COLLATE utf8mb4_unicode_ci NOT NULL COMMENT '消息内容',
  `type` enum('system','activity','notice') CHARACTER SET utf8mb4 COLLATE utf8mb4_unicode_ci NULL DEFAULT 'system' COMMENT '消息类型：system-系统消息，activity-活动消息，notice-公告',
  `target_type` enum('all','user','admin') CHARACTER SET utf8mb4 COLLATE utf8mb4_unicode_ci NULL DEFAULT 'all' COMMENT '目标用户类型：all-所有用户，user-普通用户，admin-管理员',
  `target_user_id` bigint NULL DEFAULT NULL COMMENT '目标用户ID（指定用户时使用）',
  `related_activity_id` bigint NULL DEFAULT NULL COMMENT '相关活动ID',
  `sender_id` bigint NULL DEFAULT NULL COMMENT '发送者ID',
  `status` tinyint NULL DEFAULT 1 COMMENT '消息状态：0-禁用，1-启用',
  `created_at` datetime NULL DEFAULT CURRENT_TIMESTAMP COMMENT '创建时间',
  `updated_at` datetime NULL DEFAULT CURRENT_TIMESTAMP ON UPDATE CURRENT_TIMESTAMP COMMENT '更新时间',
  PRIMARY KEY (`id`) USING BTREE,
  INDEX `idx_type`(`type` ASC) USING BTREE,
  INDEX `idx_target_type`(`target_type` ASC) USING BTREE,
  INDEX `idx_target_user_id`(`target_user_id` ASC) USING BTREE,
  INDEX `idx_related_activity_id`(`related_activity_id` ASC) USING BTREE,
  INDEX `idx_status`(`status` ASC) USING BTREE,
  INDEX `idx_created_at`(`created_at` ASC) USING BTREE,
  INDEX `sender_id`(`sender_id` ASC) USING BTREE,
  CONSTRAINT `system_messages_ibfk_1` FOREIGN KEY (`target_user_id`) REFERENCES `users` (`id`) ON DELETE CASCADE ON UPDATE RESTRICT,
  CONSTRAINT `system_messages_ibfk_2` FOREIGN KEY (`related_activity_id`) REFERENCES `activities` (`id`) ON DELETE CASCADE ON UPDATE RESTRICT,
  CONSTRAINT `system_messages_ibfk_3` FOREIGN KEY (`sender_id`) REFERENCES `users` (`id`) ON DELETE SET NULL ON UPDATE RESTRICT
) ENGINE = InnoDB AUTO_INCREMENT = 12 CHARACTER SET = utf8mb4 COLLATE = utf8mb4_unicode_ci COMMENT = '系统消息表' ROW_FORMAT = Dynamic;

-- ----------------------------
-- Records of system_messages
-- ----------------------------
INSERT INTO `system_messages` VALUES (1, 'Miss.', 'Export Wizard allows you to export data from tables, collections, views, or query results to any available formats. A query is used to extract data from the database in a readable format according to the user\'s request. Always keep your eyes open. Keep watching. Because whatever you see can inspire you. In other words, Navicat provides the ability for data in different databases and/or schemas to be kept up-to-date so that each repository contains the same information. I destroy my enemies when I make them my friends. HTTP Tunneling is a method for connecting to a server that uses the same protocol (http://) and the same port (port 80) as a web server does. In the Objects tab, you can use the List List, Detail Detail and ER Diagram ER Diagram buttons to change the object view. HTTP Tunneling is a method for connecting to a server that uses the same protocol (http://) and the same port (port 80) as a web server does. To start working with your server in Navicat, you should first establish a connection or several connections using the Connection window. The On Startup feature allows you to control what tabs appear when you launch Navicat. To get a secure connection, the first thing you need to do is to install OpenSSL Library and download Database Source. You will succeed because most people are lazy. Always keep your eyes open. Keep watching. Because whatever you see can inspire you. Champions keep playing until they get it right. Import Wizard allows you to import data to tables/collections from CSV, TXT, XML, DBF and more. Navicat is a multi-connections Database Administration tool allowing you to connect to MySQL, Oracle, PostgreSQL, SQLite, SQL Server, MariaDB and/or MongoDB databases, making database administration to multiple kinds of database so easy. Navicat 15 has added support for the system-wide dark mode. It is used while your ISPs do not allow direct connections, but allows establishing HTTP connections. To get a secure connection, the first thing you need to do is to install OpenSSL Library and download Database Source. Optimism is the one quality more associated with success and happiness than any other. To clear or reload various internal caches, flush tables, or acquire locks, control-click your connection in the Navigation pane and select Flush and choose the flush option. You must have the reload privilege to use this feature. Navicat provides powerful tools for working with queries: Query Editor for editing the query text directly, and Query Builder, Find Builder or Aggregate Builder for building queries visually. Creativity is intelligence having fun. Export Wizard allows you to export data from tables, collections, views, or query results to any available formats. In other words, Navicat provides the ability for data in different databases and/or schemas to be kept up-to-date so that each repository contains the same information. If your Internet Service Provider (ISP) does not provide direct access to its server, Secure Tunneling Protocol (SSH) / HTTP is another solution. It provides strong authentication and secure encrypted communications between two hosts, known as SSH Port Forwarding (Tunneling), over an insecure network. There is no way to happiness. Happiness is the way. Monitored servers include MySQL, MariaDB and SQL Server, and compatible with cloud databases like Amazon RDS, Amazon Aurora, Oracle Cloud, Google Cloud and Microsoft Azure. Navicat Data Modeler enables you to build high-quality conceptual, logical and physical data models for a wide variety of audiences. The past has no power over the present moment. It provides strong authentication and secure encrypted communications between two hosts, known as SSH Port Forwarding (Tunneling), over an insecure network. All journeys have secret destinations of which the traveler is unaware. Navicat allows you to transfer data from one database and/or schema to another with detailed analytical process. HTTP Tunneling is a method for connecting to a server that uses the same protocol (http://) and the same port (port 80) as a web server does. To get a secure connection, the first thing you need to do is to install OpenSSL Library and download Database Source. It wasn’t raining when Noah built the ark. If it scares you, it might be a good thing to try. Navicat Monitor is a safe, simple and agentless remote server monitoring tool that is packed with powerful features to make your monitoring effective as possible. To successfully establish a new connection to local/remote server - no matter via SSL or SSH, set the database login information in the General tab. The reason why a great man is great is that he resolves to be a great man. Navicat Monitor is a safe, simple and agentless remote server monitoring tool that is packed with powerful features to make your monitoring effective as possible. Export Wizard allows you to export data from tables, collections, views, or query results to any available formats. Champions keep playing until they get it right. Navicat is a multi-connections Database Administration tool allowing you to connect to MySQL, Oracle, PostgreSQL, SQLite, SQL Server, MariaDB and/or MongoDB databases, making database administration to multiple kinds of database so easy. HTTP Tunneling is a method for connecting to a server that uses the same protocol (http://) and the same port (port 80) as a web server does.', 'notice', 'all', 1, 8, 1, 1, '2019-07-14 07:11:44', '2025-08-02 10:37:49');
INSERT INTO `system_messages` VALUES (2, 'Mrs.', 'It provides strong authentication and secure encrypted communications between two hosts, known as SSH Port Forwarding (Tunneling), over an insecure network. Creativity is intelligence having fun. Navicat Monitor can be installed on any local computer or virtual machine and does not require any software installation on the servers being monitored. If the plan doesn’t work, change the plan, but never the goal. The Main Window consists of several toolbars and panes for you to work on connections, database objects and advanced tools. Navicat provides powerful tools for working with queries: Query Editor for editing the query text directly, and Query Builder, Find Builder or Aggregate Builder for building queries visually. SSH serves to prevent such vulnerabilities and allows you to access a remote server\'s shell without compromising security. The Navigation pane employs tree structure which allows you to take action upon the database and their objects through their pop-up menus quickly and easily. The past has no power over the present moment. Actually it is just in an idea when feel oneself can achieve and cannot achieve. I will greet this day with love in my heart. Typically, it is employed as an encrypted version of Telnet. SSH serves to prevent such vulnerabilities and allows you to access a remote server\'s shell without compromising security. The Information Pane shows the detailed object information, project activities, the DDL of database objects, object dependencies, membership of users/roles and preview. If it scares you, it might be a good thing to try. A query is used to extract data from the database in a readable format according to the user\'s request. With its well-designed Graphical User Interface(GUI), Navicat lets you quickly and easily create, organize, access and share information in a secure and easy way. The On Startup feature allows you to control what tabs appear when you launch Navicat. Anyone who has never made a mistake has never tried anything new. Remember that failure is an event, not a person. It wasn’t raining when Noah built the ark. A man’s best friends are his ten fingers. Such sessions are also susceptible to session hijacking, where a malicious user takes over your session once you have authenticated. It is used while your ISPs do not allow direct connections, but allows establishing HTTP connections. All journeys have secret destinations of which the traveler is unaware. All journeys have secret destinations of which the traveler is unaware. You must be the change you wish to see in the world. Navicat Monitor requires a repository to store alerts and metrics for historical analysis. Navicat allows you to transfer data from one database and/or schema to another with detailed analytical process. Such sessions are also susceptible to session hijacking, where a malicious user takes over your session once you have authenticated. It provides strong authentication and secure encrypted communications between two hosts, known as SSH Port Forwarding (Tunneling), over an insecure network. Export Wizard allows you to export data from tables, collections, views, or query results to any available formats. Actually it is just in an idea when feel oneself can achieve and cannot achieve. Anyone who has never made a mistake has never tried anything new. To connect to a database or schema, simply double-click it in the pane. The Synchronize to Database function will give you a full picture of all database differences. In a Telnet session, all communications, including username and password, are transmitted in plain-text, allowing anyone to listen-in on your session and steal passwords and other information. With its well-designed Graphical User Interface(GUI), Navicat lets you quickly and easily create, organize, access and share information in a secure and easy way. All journeys have secret destinations of which the traveler is unaware. The Synchronize to Database function will give you a full picture of all database differences. HTTP Tunneling is a method for connecting to a server that uses the same protocol (http://) and the same port (port 80) as a web server does. Typically, it is employed as an encrypted version of Telnet. Difficult circumstances serve as a textbook of life for people. It is used while your ISPs do not allow direct connections, but allows establishing HTTP connections. Navicat is a multi-connections Database Administration tool allowing you to connect to MySQL, Oracle, PostgreSQL, SQLite, SQL Server, MariaDB and/or MongoDB databases, making database administration to multiple kinds of database so easy. The Information Pane shows the detailed object information, project activities, the DDL of database objects, object dependencies, membership of users/roles and preview. I may not have gone where I intended to go, but I think I have ended up where I needed to be. Navicat Cloud provides a cloud service for synchronizing connections, queries, model files and virtual group information from Navicat, other Navicat family members, different machines and different platforms. The Information Pane shows the detailed object information, project activities, the DDL of database objects, object dependencies, membership of users/roles and preview. Navicat Monitor requires a repository to store alerts and metrics for historical analysis. The reason why a great man is great is that he resolves to be a great man. I destroy my enemies when I make them my friends. To connect to a database or schema, simply double-click it in the pane. You must be the change you wish to see in the world. Navicat Cloud could not connect and access your databases. By which it means, it could only store your connection settings, queries, model files, and virtual group; your database passwords and data (e.g. tables, views, etc) will not be stored to Navicat Cloud. Navicat Data Modeler is a powerful and cost-effective database design tool which helps you build high-quality conceptual, logical and physical data models. You must be the change you wish to see in the world. Export Wizard allows you to export data from tables, collections, views, or query results to any available formats. Genius is an infinite capacity for taking pains. To open a query using an external editor, control-click it and select Open with External Editor. You can set the file path of an external editor in Preferences. Champions keep playing until they get it right. It provides strong authentication and secure encrypted communications between two hosts, known as SSH Port Forwarding (Tunneling), over an insecure network. All the Navicat Cloud objects are located under different projects. You can share the project to other Navicat Cloud accounts for collaboration. I destroy my enemies when I make them my friends. It wasn’t raining when Noah built the ark. If you wait, all that happens is you get older. There is no way to happiness. Happiness is the way. Navicat is a multi-connections Database Administration tool allowing you to connect to MySQL, Oracle, PostgreSQL, SQLite, SQL Server, MariaDB and/or MongoDB databases, making database administration to multiple kinds of database so easy. The repository database can be an existing MySQL, MariaDB, PostgreSQL, SQL Server, or Amazon RDS instance. The Information Pane shows the detailed object information, project activities, the DDL of database objects, object dependencies, membership of users/roles and preview. If you wait, all that happens is you get older. Genius is an infinite capacity for taking pains. Navicat Cloud provides a cloud service for synchronizing connections, queries, model files and virtual group information from Navicat, other Navicat family members, different machines and different platforms. It collects process metrics such as CPU load, RAM usage, and a variety of other resources over SSH/SNMP.', 'notice', 'user', 1, 9, 1, 13, '2003-11-24 00:38:54', '2000-06-25 16:12:34');
INSERT INTO `system_messages` VALUES (3, 'Mrs.', 'SSH serves to prevent such vulnerabilities and allows you to access a remote server\'s shell without compromising security. The first step is as good as half over. Navicat Data Modeler enables you to build high-quality conceptual, logical and physical data models for a wide variety of audiences. Navicat 15 has added support for the system-wide dark mode.', 'notice', 'all', 1, 6, 1, 1, '2014-05-06 22:19:37', '2025-08-02 08:29:46');
INSERT INTO `system_messages` VALUES (4, 'Ms.', 'Such sessions are also susceptible to session hijacking, where a malicious user takes over your session once you have authenticated. Import Wizard allows you to import data to tables/collections from CSV, TXT, XML, DBF and more. Success consists of going from failure to failure without loss of enthusiasm. You cannot save people, you can just love them. Export Wizard allows you to export data from tables, collections, views, or query results to any available formats. In other words, Navicat provides the ability for data in different databases and/or schemas to be kept up-to-date so that each repository contains the same information. The Information Pane shows the detailed object information, project activities, the DDL of database objects, object dependencies, membership of users/roles and preview. With its well-designed Graphical User Interface(GUI), Navicat lets you quickly and easily create, organize, access and share information in a secure and easy way. The Information Pane shows the detailed object information, project activities, the DDL of database objects, object dependencies, membership of users/roles and preview. The Synchronize to Database function will give you a full picture of all database differences. Typically, it is employed as an encrypted version of Telnet. Actually it is just in an idea when feel oneself can achieve and cannot achieve. All journeys have secret destinations of which the traveler is unaware. Optimism is the one quality more associated with success and happiness than any other. To clear or reload various internal caches, flush tables, or acquire locks, control-click your connection in the Navigation pane and select Flush and choose the flush option. You must have the reload privilege to use this feature. Anyone who has ever made anything of importance was disciplined. Creativity is intelligence having fun. It collects process metrics such as CPU load, RAM usage, and a variety of other resources over SSH/SNMP. To start working with your server in Navicat, you should first establish a connection or several connections using the Connection window. Such sessions are also susceptible to session hijacking, where a malicious user takes over your session once you have authenticated. Secure SHell (SSH) is a program to log in into another computer over a network, execute commands on a remote server, and move files from one machine to another. Success consists of going from failure to failure without loss of enthusiasm. Secure SHell (SSH) is a program to log in into another computer over a network, execute commands on a remote server, and move files from one machine to another. Actually it is just in an idea when feel oneself can achieve and cannot achieve. In the Objects tab, you can use the List List, Detail Detail and ER Diagram ER Diagram buttons to change the object view. Navicat Monitor requires a repository to store alerts and metrics for historical analysis. To open a query using an external editor, control-click it and select Open with External Editor. You can set the file path of an external editor in Preferences. I may not have gone where I intended to go, but I think I have ended up where I needed to be. Navicat Monitor is a safe, simple and agentless remote server monitoring tool that is packed with powerful features to make your monitoring effective as possible. If it scares you, it might be a good thing to try. I may not have gone where I intended to go, but I think I have ended up where I needed to be. Navicat Monitor can be installed on any local computer or virtual machine and does not require any software installation on the servers being monitored. A man is not old until regrets take the place of dreams. A comfort zone is a beautiful place, but nothing ever grows there. If it scares you, it might be a good thing to try. In other words, Navicat provides the ability for data in different databases and/or schemas to be kept up-to-date so that each repository contains the same information. You must be the change you wish to see in the world. If you wait, all that happens is you get older. The On Startup feature allows you to control what tabs appear when you launch Navicat. Creativity is intelligence having fun. It collects process metrics such as CPU load, RAM usage, and a variety of other resources over SSH/SNMP. If opportunity doesn’t knock, build a door. The reason why a great man is great is that he resolves to be a great man. The repository database can be an existing MySQL, MariaDB, PostgreSQL, SQL Server, or Amazon RDS instance. There is no way to happiness. Happiness is the way. With its well-designed Graphical User Interface(GUI), Navicat lets you quickly and easily create, organize, access and share information in a secure and easy way. It provides strong authentication and secure encrypted communications between two hosts, known as SSH Port Forwarding (Tunneling), over an insecure network. In other words, Navicat provides the ability for data in different databases and/or schemas to be kept up-to-date so that each repository contains the same information. Export Wizard allows you to export data from tables, collections, views, or query results to any available formats. I may not have gone where I intended to go, but I think I have ended up where I needed to be. Monitored servers include MySQL, MariaDB and SQL Server, and compatible with cloud databases like Amazon RDS, Amazon Aurora, Oracle Cloud, Google Cloud and Microsoft Azure. Navicat Monitor requires a repository to store alerts and metrics for historical analysis. A man is not old until regrets take the place of dreams. It can also manage cloud databases such as Amazon Redshift, Amazon RDS, Alibaba Cloud. Features in Navicat are sophisticated enough to provide professional developers for all their specific needs, yet easy to learn for users who are new to database server. Navicat Data Modeler enables you to build high-quality conceptual, logical and physical data models for a wide variety of audiences. You can select any connections, objects or projects, and then select the corresponding buttons on the Information Pane. Navicat Monitor requires a repository to store alerts and metrics for historical analysis.', 'notice', 'admin', 1, 5, 1, 1, '2022-08-05 03:53:43', '2025-08-02 10:37:47');
INSERT INTO `system_messages` VALUES (5, 'Prof.', 'Navicat Cloud provides a cloud service for synchronizing connections, queries, model files and virtual group information from Navicat, other Navicat family members, different machines and different platforms. The On Startup feature allows you to control what tabs appear when you launch Navicat. The first step is as good as half over. Anyone who has never made a mistake has never tried anything new. Champions keep playing until they get it right. Navicat allows you to transfer data from one database and/or schema to another with detailed analytical process.', 'activity', 'all', 2, 10, 2, 57, '2011-04-27 15:51:12', '2015-12-27 10:43:21');
INSERT INTO `system_messages` VALUES (6, 'Prof.', 'SQL Editor allows you to create and edit SQL text, prepare and execute selected queries. In a Telnet session, all communications, including username and password, are transmitted in plain-text, allowing anyone to listen-in on your session and steal passwords and other information. Sometimes you win, sometimes you learn. Navicat Data Modeler is a powerful and cost-effective database design tool which helps you build high-quality conceptual, logical and physical data models. The Information Pane shows the detailed object information, project activities, the DDL of database objects, object dependencies, membership of users/roles and preview. In the Objects tab, you can use the List List, Detail Detail and ER Diagram ER Diagram buttons to change the object view. To clear or reload various internal caches, flush tables, or acquire locks, control-click your connection in the Navigation pane and select Flush and choose the flush option. You must have the reload privilege to use this feature. Such sessions are also susceptible to session hijacking, where a malicious user takes over your session once you have authenticated. Always keep your eyes open. Keep watching. Because whatever you see can inspire you. Navicat Cloud could not connect and access your databases. By which it means, it could only store your connection settings, queries, model files, and virtual group; your database passwords and data (e.g. tables, views, etc) will not be stored to Navicat Cloud. If the Show objects under schema in navigation pane option is checked at the Preferences window, all database objects are also displayed in the pane. In a Telnet session, all communications, including username and password, are transmitted in plain-text, allowing anyone to listen-in on your session and steal passwords and other information. After logged in the Navicat Cloud feature, the Navigation pane will be divided into Navicat Cloud and My Connections sections. Navicat 15 has added support for the system-wide dark mode. I may not have gone where I intended to go, but I think I have ended up where I needed to be. Difficult circumstances serve as a textbook of life for people. I destroy my enemies when I make them my friends. Import Wizard allows you to import data to tables/collections from CSV, TXT, XML, DBF and more. Navicat authorizes you to make connection to remote servers running on different platforms (i.e. Windows, macOS, Linux and UNIX), and supports PAM and GSSAPI authentication. A man is not old until regrets take the place of dreams. The On Startup feature allows you to control what tabs appear when you launch Navicat. In the Objects tab, you can use the List List, Detail Detail and ER Diagram ER Diagram buttons to change the object view. To successfully establish a new connection to local/remote server - no matter via SSL or SSH, set the database login information in the General tab. Navicat provides powerful tools for working with queries: Query Editor for editing the query text directly, and Query Builder, Find Builder or Aggregate Builder for building queries visually. Flexible settings enable you to set up a custom key for comparison and synchronization. The Navigation pane employs tree structure which allows you to take action upon the database and their objects through their pop-up menus quickly and easily. The first step is as good as half over. All journeys have secret destinations of which the traveler is unaware. If your Internet Service Provider (ISP) does not provide direct access to its server, Secure Tunneling Protocol (SSH) / HTTP is another solution. Import Wizard allows you to import data to tables/collections from CSV, TXT, XML, DBF and more. Genius is an infinite capacity for taking pains. You cannot save people, you can just love them. Secure Sockets Layer(SSL) is a protocol for transmitting private documents via the Internet. The On Startup feature allows you to control what tabs appear when you launch Navicat. To successfully establish a new connection to local/remote server - no matter via SSL or SSH, set the database login information in the General tab. How we spend our days is, of course, how we spend our lives. Flexible settings enable you to set up a custom key for comparison and synchronization. In the middle of winter I at last discovered that there was in me an invincible summer. Navicat authorizes you to make connection to remote servers running on different platforms (i.e. Windows, macOS, Linux and UNIX), and supports PAM and GSSAPI authentication. To connect to a database or schema, simply double-click it in the pane. To successfully establish a new connection to local/remote server - no matter via SSL or SSH, set the database login information in the General tab. Import Wizard allows you to import data to tables/collections from CSV, TXT, XML, DBF and more. Navicat Cloud could not connect and access your databases. By which it means, it could only store your connection settings, queries, model files, and virtual group; your database passwords and data (e.g. tables, views, etc) will not be stored to Navicat Cloud. Anyone who has ever made anything of importance was disciplined. With its well-designed Graphical User Interface(GUI), Navicat lets you quickly and easily create, organize, access and share information in a secure and easy way. It wasn’t raining when Noah built the ark. A man is not old until regrets take the place of dreams. If opportunity doesn’t knock, build a door. To successfully establish a new connection to local/remote server - no matter via SSL or SSH, set the database login information in the General tab. All the Navicat Cloud objects are located under different projects. You can share the project to other Navicat Cloud accounts for collaboration. Sometimes you win, sometimes you learn. In the middle of winter I at last discovered that there was in me an invincible summer. I may not have gone where I intended to go, but I think I have ended up where I needed to be. A comfort zone is a beautiful place, but nothing ever grows there. To clear or reload various internal caches, flush tables, or acquire locks, control-click your connection in the Navigation pane and select Flush and choose the flush option. You must have the reload privilege to use this feature. Anyone who has ever made anything of importance was disciplined. Typically, it is employed as an encrypted version of Telnet. To start working with your server in Navicat, you should first establish a connection or several connections using the Connection window. In the middle of winter I at last discovered that there was in me an invincible summer. If you wait, all that happens is you get older. If your Internet Service Provider (ISP) does not provide direct access to its server, Secure Tunneling Protocol (SSH) / HTTP is another solution. A comfort zone is a beautiful place, but nothing ever grows there. Genius is an infinite capacity for taking pains. How we spend our days is, of course, how we spend our lives. Navicat Data Modeler is a powerful and cost-effective database design tool which helps you build high-quality conceptual, logical and physical data models. In a Telnet session, all communications, including username and password, are transmitted in plain-text, allowing anyone to listen-in on your session and steal passwords and other information. You cannot save people, you can just love them. Export Wizard allows you to export data from tables, collections, views, or query results to any available formats. You will succeed because most people are lazy. Optimism is the one quality more associated with success and happiness than any other. The first step is as good as half over. In a Telnet session, all communications, including username and password, are transmitted in plain-text, allowing anyone to listen-in on your session and steal passwords and other information.', 'notice', 'user', 2, 7, 2, 37, '2012-06-02 00:42:50', '2007-12-14 08:35:26');
INSERT INTO `system_messages` VALUES (7, 'Mrs.', 'Such sessions are also susceptible to session hijacking, where a malicious user takes over your session once you have authenticated. In the middle of winter I at last discovered that there was in me an invincible summer. A man’s best friends are his ten fingers. Export Wizard allows you to export data from tables, collections, views, or query results to any available formats. After logged in the Navicat Cloud feature, the Navigation pane will be divided into Navicat Cloud and My Connections sections. It provides strong authentication and secure encrypted communications between two hosts, known as SSH Port Forwarding (Tunneling), over an insecure network. Import Wizard allows you to import data to tables/collections from CSV, TXT, XML, DBF and more. There is no way to happiness. Happiness is the way. Navicat 15 has added support for the system-wide dark mode. You will succeed because most people are lazy. HTTP Tunneling is a method for connecting to a server that uses the same protocol (http://) and the same port (port 80) as a web server does. Navicat allows you to transfer data from one database and/or schema to another with detailed analytical process. Typically, it is employed as an encrypted version of Telnet. Navicat is a multi-connections Database Administration tool allowing you to connect to MySQL, Oracle, PostgreSQL, SQLite, SQL Server, MariaDB and/or MongoDB databases, making database administration to multiple kinds of database so easy. Navicat authorizes you to make connection to remote servers running on different platforms (i.e. Windows, macOS, Linux and UNIX), and supports PAM and GSSAPI authentication. Flexible settings enable you to set up a custom key for comparison and synchronization. You can select any connections, objects or projects, and then select the corresponding buttons on the Information Pane. The Synchronize to Database function will give you a full picture of all database differences. With its well-designed Graphical User Interface(GUI), Navicat lets you quickly and easily create, organize, access and share information in a secure and easy way. To connect to a database or schema, simply double-click it in the pane. Champions keep playing until they get it right. A man is not old until regrets take the place of dreams. If opportunity doesn’t knock, build a door. If it scares you, it might be a good thing to try. You will succeed because most people are lazy. It can also manage cloud databases such as Amazon Redshift, Amazon RDS, Alibaba Cloud. Features in Navicat are sophisticated enough to provide professional developers for all their specific needs, yet easy to learn for users who are new to database server. Success consists of going from failure to failure without loss of enthusiasm. To successfully establish a new connection to local/remote server - no matter via SSL, SSH or HTTP, set the database login information in the General tab. Navicat Data Modeler is a powerful and cost-effective database design tool which helps you build high-quality conceptual, logical and physical data models.', 'notice', 'all', 2, 2, 2, 1, '2024-03-31 19:20:44', '2025-08-02 10:36:07');
INSERT INTO `system_messages` VALUES (8, 'Prof.', 'After comparing data, the window shows the number of records that will be inserted, updated or deleted in the target. I destroy my enemies when I make them my friends. What you get by achieving your goals is not as important as what you become by achieving your goals. In other words, Navicat provides the ability for data in different databases and/or schemas to be kept up-to-date so that each repository contains the same information. It provides strong authentication and secure encrypted communications between two hosts, known as SSH Port Forwarding (Tunneling), over an insecure network. To clear or reload various internal caches, flush tables, or acquire locks, control-click your connection in the Navigation pane and select Flush and choose the flush option. You must have the reload privilege to use this feature. HTTP Tunneling is a method for connecting to a server that uses the same protocol (http://) and the same port (port 80) as a web server does. Navicat provides powerful tools for working with queries: Query Editor for editing the query text directly, and Query Builder, Find Builder or Aggregate Builder for building queries visually. All journeys have secret destinations of which the traveler is unaware. If the plan doesn’t work, change the plan, but never the goal. Difficult circumstances serve as a textbook of life for people. Navicat Monitor is a safe, simple and agentless remote server monitoring tool that is packed with powerful features to make your monitoring effective as possible. If the Show objects under schema in navigation pane option is checked at the Preferences window, all database objects are also displayed in the pane. Monitored servers include MySQL, MariaDB and SQL Server, and compatible with cloud databases like Amazon RDS, Amazon Aurora, Oracle Cloud, Google Cloud and Microsoft Azure. The Information Pane shows the detailed object information, project activities, the DDL of database objects, object dependencies, membership of users/roles and preview. If it scares you, it might be a good thing to try. To start working with your server in Navicat, you should first establish a connection or several connections using the Connection window.', 'system', 'all', 1, 6, 1, 76, '2010-10-06 02:26:15', '2005-11-16 07:38:46');
INSERT INTO `system_messages` VALUES (10, 'Prof.', 'The Main Window consists of several toolbars and panes for you to work on connections, database objects and advanced tools. It collects process metrics such as CPU load, RAM usage, and a variety of other resources over SSH/SNMP. It is used while your ISPs do not allow direct connections, but allows establishing HTTP connections. Navicat Data Modeler enables you to build high-quality conceptual, logical and physical data models for a wide variety of audiences. Monitored servers include MySQL, MariaDB and SQL Server, and compatible with cloud databases like Amazon RDS, Amazon Aurora, Oracle Cloud, Google Cloud and Microsoft Azure. A man’s best friends are his ten fingers. Navicat Cloud provides a cloud service for synchronizing connections, queries, model files and virtual group information from Navicat, other Navicat family members, different machines and different platforms. You cannot save people, you can just love them. Import Wizard allows you to import data to tables/collections from CSV, TXT, XML, DBF and more. You will succeed because most people are lazy. A man is not old until regrets take the place of dreams. Actually it is just in an idea when feel oneself can achieve and cannot achieve. Navicat Cloud could not connect and access your databases. By which it means, it could only store your connection settings, queries, model files, and virtual group; your database passwords and data (e.g. tables, views, etc) will not be stored to Navicat Cloud. A comfort zone is a beautiful place, but nothing ever grows there. In a Telnet session, all communications, including username and password, are transmitted in plain-text, allowing anyone to listen-in on your session and steal passwords and other information. The Synchronize to Database function will give you a full picture of all database differences. To clear or reload various internal caches, flush tables, or acquire locks, control-click your connection in the Navigation pane and select Flush and choose the flush option. You must have the reload privilege to use this feature. It is used while your ISPs do not allow direct connections, but allows establishing HTTP connections. The first step is as good as half over. In the Objects tab, you can use the List List, Detail Detail and ER Diagram ER Diagram buttons to change the object view. The first step is as good as half over. How we spend our days is, of course, how we spend our lives. Anyone who has ever made anything of importance was disciplined. What you get by achieving your goals is not as important as what you become by achieving your goals.', 'activity', 'all', 2, 3, 2, 1, '2018-05-06 19:08:10', '2025-08-02 10:40:11');
INSERT INTO `system_messages` VALUES (11, '123', '123', 'notice', 'all', NULL, NULL, 1, 1, '2025-08-02 09:05:50', '2025-08-02 09:05:50');

-- ----------------------------
-- Table structure for user_message_status
-- ----------------------------
DROP TABLE IF EXISTS `user_message_status`;
CREATE TABLE `user_message_status`  (
  `id` bigint NOT NULL AUTO_INCREMENT COMMENT '记录ID',
  `user_id` bigint NOT NULL COMMENT '用户ID',
  `message_id` bigint NOT NULL COMMENT '消息ID',
  `is_read` tinyint NULL DEFAULT 0 COMMENT '是否已读：0-未读，1-已读',
  `read_time` datetime NULL DEFAULT NULL COMMENT '阅读时间',
  `is_deleted` tinyint NULL DEFAULT 0 COMMENT '是否删除：0-未删除，1-已删除',
  `created_at` datetime NULL DEFAULT CURRENT_TIMESTAMP COMMENT '创建时间',
  `updated_at` datetime NULL DEFAULT CURRENT_TIMESTAMP ON UPDATE CURRENT_TIMESTAMP COMMENT '更新时间',
  PRIMARY KEY (`id`) USING BTREE,
  UNIQUE INDEX `uk_user_message`(`user_id` ASC, `message_id` ASC) USING BTREE,
  INDEX `idx_user_id`(`user_id` ASC) USING BTREE,
  INDEX `idx_message_id`(`message_id` ASC) USING BTREE,
  INDEX `idx_is_read`(`is_read` ASC) USING BTREE,
  INDEX `idx_is_deleted`(`is_deleted` ASC) USING BTREE,
  CONSTRAINT `user_message_status_ibfk_1` FOREIGN KEY (`user_id`) REFERENCES `users` (`id`) ON DELETE CASCADE ON UPDATE RESTRICT,
  CONSTRAINT `user_message_status_ibfk_2` FOREIGN KEY (`message_id`) REFERENCES `system_messages` (`id`) ON DELETE CASCADE ON UPDATE RESTRICT
) ENGINE = InnoDB AUTO_INCREMENT = 9 CHARACTER SET = utf8mb4 COLLATE = utf8mb4_unicode_ci COMMENT = '用户消息状态表' ROW_FORMAT = Dynamic;

-- ----------------------------
-- Records of user_message_status
-- ----------------------------
INSERT INTO `user_message_status` VALUES (1, 1, 11, 1, '2025-08-02 10:34:34', 0, '2025-08-02 09:05:50', '2025-08-02 10:34:34');
INSERT INTO `user_message_status` VALUES (2, 2, 11, 1, '2025-08-02 11:01:18', 0, '2025-08-02 09:05:50', '2025-08-02 11:01:18');
INSERT INTO `user_message_status` VALUES (3, 1, 3, 1, '2025-08-02 10:34:37', 0, '2025-08-02 10:34:37', '2025-08-02 10:34:37');
INSERT INTO `user_message_status` VALUES (4, 1, 7, 1, '2025-08-02 10:36:12', 0, '2025-08-02 10:36:12', '2025-08-02 10:36:12');
INSERT INTO `user_message_status` VALUES (5, 1, 4, 1, '2025-08-02 10:40:23', 0, '2025-08-02 10:40:23', '2025-08-02 10:40:23');
INSERT INTO `user_message_status` VALUES (6, 1, 1, 1, '2025-08-02 10:40:25', 0, '2025-08-02 10:40:25', '2025-08-02 10:40:25');
INSERT INTO `user_message_status` VALUES (7, 1, 10, 1, '2025-08-02 10:40:27', 0, '2025-08-02 10:40:27', '2025-08-02 10:40:27');
INSERT INTO `user_message_status` VALUES (8, 2, 7, 1, '2025-08-02 11:01:19', 0, '2025-08-02 11:01:19', '2025-08-02 11:01:19');

-- ----------------------------
-- Table structure for users
-- ----------------------------
DROP TABLE IF EXISTS `users`;
CREATE TABLE `users`  (
  `id` bigint NOT NULL AUTO_INCREMENT COMMENT '用户ID',
  `username` varchar(50) CHARACTER SET utf8mb4 COLLATE utf8mb4_unicode_ci NOT NULL COMMENT '用户名',
  `phone` varchar(11) CHARACTER SET utf8mb4 COLLATE utf8mb4_unicode_ci NULL DEFAULT NULL COMMENT '手机号',
  `email` varchar(100) CHARACTER SET utf8mb4 COLLATE utf8mb4_unicode_ci NULL DEFAULT NULL COMMENT '邮箱',
  `password` varchar(100) CHARACTER SET utf8mb4 COLLATE utf8mb4_unicode_ci NOT NULL COMMENT '密码（明文存储）',
  `nickname` varchar(50) CHARACTER SET utf8mb4 COLLATE utf8mb4_unicode_ci NOT NULL COMMENT '昵称',
  `avatar` varchar(255) CHARACTER SET utf8mb4 COLLATE utf8mb4_unicode_ci NULL DEFAULT NULL COMMENT '头像URL',
  `gender` tinyint NULL DEFAULT 0 COMMENT '性别：0-未设置，1-男，2-女',
  `age` int NULL DEFAULT NULL COMMENT '年龄',
  `bio` text CHARACTER SET utf8mb4 COLLATE utf8mb4_unicode_ci NULL COMMENT '个人简介',
  `role` enum('user','admin') CHARACTER SET utf8mb4 COLLATE utf8mb4_unicode_ci NULL DEFAULT 'user' COMMENT '用户角色：user-普通用户，admin-管理员',
  `status` tinyint NULL DEFAULT 1 COMMENT '账号状态：0-冻结，1-正常',
  `phone_verified` tinyint NULL DEFAULT 0 COMMENT '手机是否验证：0-未验证，1-已验证',
  `email_verified` tinyint NULL DEFAULT 0 COMMENT '邮箱是否验证：0-未验证，1-已验证',
  `last_login_time` datetime NULL DEFAULT NULL COMMENT '最后登录时间',
  `last_login_ip` varchar(50) CHARACTER SET utf8mb4 COLLATE utf8mb4_unicode_ci NULL DEFAULT NULL COMMENT '最后登录IP',
  `created_at` datetime NULL DEFAULT CURRENT_TIMESTAMP COMMENT '创建时间',
  `updated_at` datetime NULL DEFAULT CURRENT_TIMESTAMP ON UPDATE CURRENT_TIMESTAMP COMMENT '更新时间',
  PRIMARY KEY (`id`) USING BTREE,
  UNIQUE INDEX `username`(`username` ASC) USING BTREE,
  UNIQUE INDEX `phone`(`phone` ASC) USING BTREE,
  UNIQUE INDEX `email`(`email` ASC) USING BTREE,
  INDEX `idx_phone`(`phone` ASC) USING BTREE,
  INDEX `idx_email`(`email` ASC) USING BTREE,
  INDEX `idx_role`(`role` ASC) USING BTREE,
  INDEX `idx_status`(`status` ASC) USING BTREE,
  INDEX `idx_created_at`(`created_at` ASC) USING BTREE
) ENGINE = InnoDB AUTO_INCREMENT = 3 CHARACTER SET = utf8mb4 COLLATE = utf8mb4_unicode_ci COMMENT = '用户表' ROW_FORMAT = Dynamic;

-- ----------------------------
-- Records of users
-- ----------------------------
INSERT INTO `users` VALUES (1, 'admin', '13800000000', 'admin@example.com', '123456', '系统管理员', 'http://localhost:8080/images/20250802_204607_8e20e90d.jpg', 1, 4, '', 'admin', 1, 1, 1, '2025-08-03 21:39:01', '0:0:0:0:0:0:0:1', '2025-08-01 18:39:51', '2025-08-03 21:39:01');
INSERT INTO `users` VALUES (2, '123', NULL, '123@qq.com', '123456', '123', NULL, 0, NULL, NULL, 'user', 1, 0, 0, '2025-08-03 21:46:11', '0:0:0:0:0:0:0:1', '2025-08-01 19:53:40', '2025-08-03 21:46:11');

-- ----------------------------
-- View structure for activity_stats
-- ----------------------------
DROP VIEW IF EXISTS `activity_stats`;
CREATE ALGORITHM = UNDEFINED SQL SECURITY DEFINER VIEW `activity_stats` AS select `a`.`id` AS `id`,`a`.`title` AS `title`,`a`.`status` AS `status`,`a`.`max_participants` AS `max_participants`,`a`.`current_participants` AS `current_participants`,(case when (`a`.`max_participants` > 0) then round(((`a`.`current_participants` / `a`.`max_participants`) * 100),2) else 0 end) AS `registration_rate`,`a`.`created_at` AS `created_at`,`u`.`nickname` AS `creator_name` from (`activities` `a` left join `users` `u` on((`a`.`creator_id` = `u`.`id`)));

-- ----------------------------
-- View structure for user_activity_stats
-- ----------------------------
DROP VIEW IF EXISTS `user_activity_stats`;
CREATE ALGORITHM = UNDEFINED SQL SECURITY DEFINER VIEW `user_activity_stats` AS select `u`.`id` AS `user_id`,`u`.`nickname` AS `nickname`,count(`ar`.`id`) AS `total_registrations`,count((case when (`ar`.`status` = 'attended') then 1 end)) AS `attended_count`,count((case when (`ar`.`status` = 'registered') then 1 end)) AS `registered_count` from (`users` `u` left join `activity_registrations` `ar` on((`u`.`id` = `ar`.`user_id`))) where (`u`.`role` = 'user') group by `u`.`id`,`u`.`nickname`;

SET FOREIGN_KEY_CHECKS = 1;
